date,total_cost,plan_cost,emergency_cost,emergency_kwh,beta_lock,beta_open,label
2025-02-01,17823.56501791416,17988.1619520854,551.131753303958,136.08477326666434,0.0,0.0,LA_bl0_bo0
2025-02-02,61116.19772641654,59901.4658062499,2310.614966593991,364.9224729999986,0.0,0.0,LA_bl0_bo0
2025-02-03,69501.04344256755,59775.222394075194,9436.334260078853,1651.7320284766545,0.0,0.0,LA_bl0_bo0
2025-02-04,65873.35690295043,61578.899470238,1693.3057772260277,310.74641723332616,0.0,0.0,LA_bl0_bo0
2025-02-05,66241.03703874991,56372.0886268101,4228.638502972255,733.7711795333275,0.0,0.0,LA_bl0_bo0
2025-02-06,65792.8419708409,64502.49058373405,2263.1587639534287,405.4559182666657,0.0,0.0,LA_bl0_bo0
2025-02-07,17871.725369011736,18573.734319773,379.66736039913667,94.99921406666752,0.0,0.0,LA_bl0_bo0
2025-02-08,17323.888304617292,14346.349263753998,1456.6985207591933,293.5540505666654,0.0,0.0,LA_bl0_bo0
2025-02-09,61931.78157758525,59247.1460928137,911.982801201098,178.51107023333262,0.0,0.0,LA_bl0_bo0
2025-02-10,56714.68498830109,53528.87329416949,1833.150801519996,374.228595799996,0.0,0.0,LA_bl0_bo0
2025-02-11,61792.460503587696,52688.25916114739,5810.3284589688765,1068.3734444666625,0.0,0.0,LA_bl0_bo0
2025-02-12,64335.57529516393,54067.8376103114,8718.339631063964,1581.6194425333329,0.0,0.0,LA_bl0_bo0
2025-02-13,52603.671975042605,51177.86780090545,474.2159776951348,94.26044600000003,0.0,0.0,LA_bl0_bo0
2025-02-14,15547.613518994596,14680.14483763341,0.0,0.0,0.0,0.0,LA_bl0_bo0
2025-02-15,16385.843053338645,15041.590256466003,960.8625690830931,254.47905049999875,0.0,0.0,LA_bl0_bo0
2025-02-16,60707.827581517275,56751.2168354333,3736.4509420522027,695.2885313666585,0.0,0.0,LA_bl0_bo0
2025-02-17,55980.054701157555,55367.4919159334,1568.2279272813569,266.51695858666415,0.0,0.0,LA_bl0_bo0
2025-02-18,55681.048472533665,45189.5500497366,261.30430480666803,52.03843166666695,0.0,0.0,LA_bl0_bo0
2025-02-19,59245.9199460489,46812.327437422,6988.9824780258095,1300.1308785333163,0.0,0.0,LA_bl0_bo0
2025-02-20,54707.47503495905,52420.93750385203,2596.06447603633,501.4342171333326,0.0,0.0,LA_bl0_bo0
2025-02-21,14777.757257238798,14586.7894850573,0.0,0.0,0.0,0.0,LA_bl0_bo0
2025-02-22,15485.397941234285,14448.0360695772,388.7711389061843,78.11908731332898,0.0,0.0,LA_bl0_bo0
2025-02-23,53687.29173925542,50651.228451528295,1613.5802871325786,324.29152586665975,0.0,0.0,LA_bl0_bo0
2025-02-24,49862.42386969585,48218.97829001888,1038.6963965679715,210.5369603333338,0.0,0.0,LA_bl0_bo0
2025-02-25,50980.25457195476,46516.49923368226,2986.813488485276,599.289437233329,0.0,0.0,LA_bl0_bo0
2025-02-26,54156.323169459196,43480.334428905466,4086.0442076311265,765.3142785333321,0.0,0.0,LA_bl0_bo0
2025-02-27,50642.16913138079,44818.2254383346,4055.699187311487,755.4019467999976,0.0,0.0,LA_bl0_bo0
2025-02-28,14069.348741837279,13813.92683406436,248.83585998551985,61.345006333329735,0.0,0.0,LA_bl0_bo0
2025-03-01,16975.13820596486,14544.5058227981,2801.1788310273596,578.5717764666655,0.0,0.0,LA_bl0_bo0
2025-03-02,58389.53328484588,51721.050026337296,5582.001650785427,1015.7392333166588,0.0,0.0,LA_bl0_bo0
2025-03-03,57899.15225794288,51934.856773783,5217.241873928238,1005.1001359219936,0.0,0.0,LA_bl0_bo0
2025-03-04,50977.5691299318,43250.5117579542,3.1064865000005213,0.6247333333334382,0.0,0.0,LA_bl0_bo0
2025-03-05,51083.31393923396,45573.1662149146,3886.701867722661,719.7602957333322,0.0,0.0,LA_bl0_bo0
2025-03-06,46063.18302670495,43849.7117052246,603.4215906517516,195.59240379999244,0.0,0.0,LA_bl0_bo0
2025-03-07,15089.070532732065,13964.4191289715,1699.4265898608155,408.426193766663,0.0,0.0,LA_bl0_bo0
2025-03-08,14460.848622226777,12278.65004991717,773.4277415222602,235.56342519999802,0.0,0.0,LA_bl0_bo0
2025-03-09,45412.41249840005,44793.6532103495,1045.678715443803,203.47623780000055,0.0,0.0,LA_bl0_bo0
2025-03-10,51874.220913346406,44261.342646404,3948.518259223582,757.2618883333304,0.0,0.0,LA_bl0_bo0
2025-03-11,51517.537990285055,35452.60499215,3097.904290486549,551.2004014333303,0.0,0.0,LA_bl0_bo0
2025-03-12,47004.18153537091,42529.765860768195,3878.1422186370146,709.8028891666545,0.0,0.0,LA_bl0_bo0
2025-03-13,48406.94739623954,45689.0358001828,1170.6853139520426,187.13633839999625,0.0,0.0,LA_bl0_bo0
2025-03-14,12290.3039851917,12356.5768226662,0.0,0.0,0.0,0.0,LA_bl0_bo0
2025-03-15,14356.81089975261,12062.18153744178,1961.6088927225017,527.2419244999959,0.0,0.0,LA_bl0_bo0
2025-03-16,44479.64564981674,42664.5637802,503.92501157724735,94.86291636666283,0.0,0.0,LA_bl0_bo0
2025-03-17,41021.05277100897,38204.268153181605,924.9563375476537,177.24511046665808,0.0,0.0,LA_bl0_bo0
2025-03-18,44222.70220836672,42316.607929993006,1208.9163122552086,265.6319944666622,0.0,0.0,LA_bl0_bo0
2025-03-19,43407.61499310616,35884.86613481074,1827.6175290674694,360.0602672333306,0.0,0.0,LA_bl0_bo0
2025-03-20,47612.27953514672,42086.548920813,4238.700743043223,763.7417915466567,0.0,0.0,LA_bl0_bo0
2025-03-21,13120.999858073332,11556.40110675645,1514.6689969161555,446.7010962666627,0.0,0.0,LA_bl0_bo0
2025-03-22,11902.875374002599,12086.9880560509,0.0,0.0,0.0,0.0,LA_bl0_bo0
2025-03-23,42887.76089867219,41854.288716808,2408.7319865284426,430.10999993333496,0.0,0.0,LA_bl0_bo0
2025-03-24,42185.17329236579,39418.36301911679,2764.465416285847,606.6034940999962,0.0,0.0,LA_bl0_bo0
2025-03-25,43684.78171462793,41178.2768849907,289.77335566657854,56.71821406666247,0.0,0.0,LA_bl0_bo0
2025-03-26,39759.517158046736,37672.44031781879,2246.677201733791,370.43641343332905,0.0,0.0,LA_bl0_bo0
2025-03-27,40616.27736371582,40058.854489339996,1164.5857808052592,251.3632553999964,0.0,0.0,LA_bl0_bo0
2025-03-28,12891.22580517307,11746.7123177024,1371.4955504734185,327.9128632333338,0.0,0.0,LA_bl0_bo0
2025-03-29,12497.383715288433,11055.47460096766,1129.8454968782635,237.02368086666593,0.0,0.0,LA_bl0_bo0
2025-03-30,38458.83981946979,38199.2777148215,297.92297845188136,58.849298193333496,0.0,0.0,LA_bl0_bo0
2025-03-31,39343.20011889094,34466.216608762,638.187096368438,115.308592599988,0.0,0.0,LA_bl0_bo0
2025-04-01,44240.27457879943,39431.7450288238,552.6789536585281,84.28285288666132,0.0,0.0,LA_bl0_bo0
2025-04-02,42869.12023104139,38782.8920183066,2445.441365382785,367.2936865999978,0.0,0.0,LA_bl0_bo0
2025-04-03,40702.44917116515,41150.417268615114,1600.1517501315375,268.96806596666437,0.0,0.0,LA_bl0_bo0
2025-04-04,11498.253628136941,10955.523718059001,719.6644035559285,173.68514626666553,0.0,0.0,LA_bl0_bo0
2025-04-05,12299.303775368637,10556.991551491099,1133.193281792639,336.38160976666387,0.0,0.0,LA_bl0_bo0
2025-04-06,40111.090144870555,37684.7716381825,2698.704303146962,440.9368240999992,0.0,0.0,LA_bl0_bo0
2025-04-07,36903.50380056691,32764.836943901802,1952.471509754811,367.07212129999635,0.0,0.0,LA_bl0_bo0
2025-04-08,40619.55730852227,35254.311289724,2348.396828467374,471.4350543333285,0.0,0.0,LA_bl0_bo0
2025-04-09,41966.21160921658,36643.136701964,3641.3659473735856,606.3644856000002,0.0,0.0,LA_bl0_bo0
2025-04-10,38970.385815537215,37039.01715241739,1985.0198781938188,337.01684499999715,0.0,0.0,LA_bl0_bo0
2025-04-11,11508.921639869597,9985.6551605855,703.6532117602274,228.11465306666526,0.0,0.0,LA_bl0_bo0
2025-04-12,10770.476012140356,10369.4580762214,614.426426016708,167.26384449333088,0.0,0.0,LA_bl0_bo0
2025-04-13,37952.70856491348,34734.5559203406,1515.3574270398321,253.41057700332976,0.0,0.0,LA_bl0_bo0
2025-04-14,38506.653393821725,36570.973028751,2204.3307888916725,338.7369633333342,0.0,0.0,LA_bl0_bo0
2025-04-15,36538.54469652501,29675.018432211604,818.3704141990489,130.85123783332807,0.0,0.0,LA_bl0_bo0
2025-04-16,39007.652699169135,34079.3010512078,2712.1087812855326,448.58005673333037,0.0,0.0,LA_bl0_bo0
2025-04-17,37719.19633025071,32510.153652735797,2470.5240228319076,391.31283986666153,0.0,0.0,LA_bl0_bo0
2025-04-18,10734.012461064587,10185.5085025444,175.87366175747718,48.94268676666508,0.0,0.0,LA_bl0_bo0
2025-04-19,10450.593552694494,9567.5483968182,138.09346733974405,33.979691766669305,0.0,0.0,LA_bl0_bo0
2025-04-20,35215.21732166464,32358.184028617197,941.4821459019447,161.64495116666268,0.0,0.0,LA_bl0_bo0
2025-04-21,35292.235899036954,33667.771122740596,2407.566210491513,455.3467505999967,0.0,0.0,LA_bl0_bo0
2025-04-22,36766.06149237585,29744.634092501998,0.0,0.0,0.0,0.0,LA_bl0_bo0
2025-04-23,36913.69147475934,29712.476542659002,1802.9455458464383,275.817943249991,0.0,0.0,LA_bl0_bo0
2025-04-24,35461.13820056821,31078.606722092904,3347.1455314963578,511.9173135333319,0.0,0.0,LA_bl0_bo0
2025-04-25,10367.69796003915,9436.67867445972,1053.9499688988897,302.4545013333307,0.0,0.0,LA_bl0_bo0
2025-04-26,10606.901434160338,9312.229875404999,866.3916099970401,255.64128356666401,0.0,0.0,LA_bl0_bo0
2025-04-27,35594.42349504267,30056.4488115177,2499.602507472779,413.21174299999655,0.0,0.0,LA_bl0_bo0
2025-04-28,39833.29883122657,36159.057934802,1651.712547554578,291.78500486666564,0.0,0.0,LA_bl0_bo0
2025-04-29,34850.40673283876,28625.791995380703,1534.8159799868054,231.91537926666746,0.0,0.0,LA_bl0_bo0
2025-04-30,36198.390396661634,28122.709451994997,5007.0843599481395,871.8106752666595,0.0,0.0,LA_bl0_bo0
2025-05-01,49804.45306922324,31605.685609307002,14560.15849055333,2829.938996666666,0.0,0.0,LA_bl0_bo0
2025-05-02,15886.197427576324,11685.579070400698,3990.5916622729737,910.7640413333341,0.0,0.0,LA_bl0_bo0
2025-05-03,16635.933253518822,10562.353140064599,5817.904267166525,1260.8619343966664,0.0,0.0,LA_bl0_bo0
2025-05-04,43355.1798749649,33911.68255142479,8472.605095107916,1593.3989425666634,0.0,0.0,LA_bl0_bo0
2025-05-05,40546.881287925105,37026.3352671393,3461.4924486379095,534.636746366663,0.0,0.0,LA_bl0_bo0
2025-05-06,40455.601172097995,31825.416817671696,1901.8557704361042,495.3048258699987,0.0,0.0,LA_bl0_bo0
2025-05-07,41286.10308010788,34379.622396142004,2807.732440522877,436.6669179333271,0.0,0.0,LA_bl0_bo0
2025-05-08,39491.30263201361,37685.8275543946,1295.0486059045545,197.89862559666176,0.0,0.0,LA_bl0_bo0
2025-05-09,12727.6499523477,12683.7579743022,0.0,0.0,0.0,0.0,LA_bl0_bo0
2025-05-10,12043.145600875818,11464.2290975317,560.4726751298685,214.80812900999865,0.0,0.0,LA_bl0_bo0
2025-05-11,41382.81994690624,35479.292687488996,4247.673159595356,621.234303633995,0.0,0.0,LA_bl0_bo0
2025-05-12,38159.785479078695,31906.747448233404,1097.9902279044363,181.06533123333372,0.0,0.0,LA_bl0_bo0
2025-05-13,39881.17939389442,33668.656181512,4075.6428140635694,635.8547259333336,0.0,0.0,LA_bl0_bo0
2025-05-14,37573.76884544358,33940.70176509999,1622.3765228767397,342.24443380332855,0.0,0.0,LA_bl0_bo0
2025-05-15,36957.840905860314,35575.453865492,96.25307267581016,43.34678829999723,0.0,0.0,LA_bl0_bo0
2025-05-16,12616.321267163452,11129.808243640098,1434.859714540415,482.34318300000274,0.0,0.0,LA_bl0_bo0
2025-05-17,13639.857775582439,10951.3660658017,1931.12986762009,359.10384269999827,0.0,0.0,LA_bl0_bo0
2025-05-18,36415.3459205189,37059.463243571794,77.08175289390564,23.313233700002385,0.0,0.0,LA_bl0_bo0
2025-05-19,37698.24571474801,32572.340797153,4569.922249440262,696.0581496999969,0.0,0.0,LA_bl0_bo0
2025-05-20,40860.55368948975,31585.868243743906,3543.396863857397,592.7260046633323,0.0,0.0,LA_bl0_bo0
2025-05-21,38516.238782642205,31052.2820417231,2597.186610382254,516.199805033331,0.0,0.0,LA_bl0_bo0
2025-05-22,36100.766437610706,33192.343764230056,2013.3026082921494,321.59478366666406,0.0,0.0,LA_bl0_bo0
2025-05-23,12446.0061453275,10597.7364477517,1047.3729217759496,253.5167625999954,0.0,0.0,LA_bl0_bo0
2025-05-24,12206.158585248711,11114.1157868276,1009.69573229003,221.74081336666603,0.0,0.0,LA_bl0_bo0
2025-05-25,36494.14345797291,33147.5613592166,2482.871899949516,393.3420268666616,0.0,0.0,LA_bl0_bo0
2025-05-26,39929.13071306489,32211.977533376,2453.151369870192,406.11611473332954,0.0,0.0,LA_bl0_bo0
2025-05-27,37357.41245862103,30040.265877996397,2996.2057776878128,534.296310599996,0.0,0.0,LA_bl0_bo0
2025-05-28,36146.198023894656,33027.114066513,1240.3687077081943,192.01000269999383,0.0,0.0,LA_bl0_bo0
2025-05-29,42134.27730158841,33745.9069947323,2458.1321421524176,367.8138323333334,0.0,0.0,LA_bl0_bo0
2025-05-30,11506.170701289948,11239.5578040433,0.0,0.0,0.0,0.0,LA_bl0_bo0
2025-05-31,11807.02605622251,11474.5399926464,830.4411915000106,159.91550000000206,0.0,0.0,LA_bl0_bo0
2025-06-01,68775.82542108855,48070.36805416239,12017.55818715953,2474.517742286666,0.0,0.0,LA_bl0_bo0
2025-06-02,58508.39520993247,52125.786603773944,5782.90966927058,1202.1663923000037,0.0,0.0,LA_bl0_bo0
2025-06-03,60978.82778015611,45770.757686469005,9760.81998919556,1573.5203437633322,0.0,0.0,LA_bl0_bo0
2025-06-04,56606.79087264486,56088.11272574406,2894.3383829869417,484.53468616666544,0.0,0.0,LA_bl0_bo0
2025-06-05,55886.048883225,49344.98864974112,2950.611492455877,482.8910431333267,0.0,0.0,LA_bl0_bo0
2025-06-06,28543.11114602971,15651.1253431172,9035.52869588986,2365.4508974666646,0.0,0.0,LA_bl0_bo0
2025-06-07,21547.163433159414,17769.651425014803,3637.7502526482126,585.1576483433324,0.0,0.0,LA_bl0_bo0
2025-06-08,50330.3926212259,48021.1707859679,53.26724692500071,7.63549566666677,0.0,0.0,LA_bl0_bo0
2025-06-09,55937.12701266169,54744.4249869276,2667.2058045008794,380.7682436000017,0.0,0.0,LA_bl0_bo0
2025-06-10,56310.80912092062,48944.620291336454,3020.2274387626244,636.0797622999985,0.0,0.0,LA_bl0_bo0
2025-06-11,61791.93823609566,52451.78768791869,4622.259060486722,911.1678995999976,0.0,0.0,LA_bl0_bo0
2025-06-12,53783.51303761728,52775.31627714429,258.6036044371966,44.47340313333277,0.0,0.0,LA_bl0_bo0
2025-06-13,18347.984161430668,18771.18600132903,0.0,0.0,0.0,0.0,LA_bl0_bo0
2025-06-14,19525.23315099688,17545.6190377307,2125.4425429913445,354.16470133333513,0.0,0.0,LA_bl0_bo0
2025-06-15,52506.933571057845,48521.529651430596,321.901884275834,46.436249666666754,0.0,0.0,LA_bl0_bo0
2025-06-16,56191.42617516799,50761.2624720998,1599.412381875245,271.3698684433241,0.0,0.0,LA_bl0_bo0
2025-06-17,59337.991917096304,50755.1736357197,3786.4521411392516,719.1367145333309,0.0,0.0,LA_bl0_bo0
2025-06-18,53778.93550863174,50878.011811911405,77.7728983648338,11.502314333333402,0.0,0.0,LA_bl0_bo0
2025-06-19,54596.28419643162,47303.225645648876,1471.155096502312,224.2219614333293,0.0,0.0,LA_bl0_bo0
2025-06-20,17333.43864759803,16837.8749133428,901.3558761872793,269.6362545666655,0.0,0.0,LA_bl0_bo0
2025-06-21,17005.115570043083,16296.1106062719,885.2830571769334,314.4992501999998,0.0,0.0,LA_bl0_bo0
2025-06-22,49756.16694566566,46243.33919009549,323.28575480921813,47.47599670000022,0.0,0.0,LA_bl0_bo0
2025-06-23,51369.79490137432,47101.25005418582,2446.5625654060004,515.0396716999974,0.0,0.0,LA_bl0_bo0
2025-06-24,58253.57873696334,55744.609155404294,1224.9417437944735,216.73320936666502,0.0,0.0,LA_bl0_bo0
2025-06-25,52069.10140774863,46870.7953370505,295.18298716633444,42.52443366666682,0.0,0.0,LA_bl0_bo0
2025-06-26,50683.666402250594,45762.05215069892,2153.019157528557,372.7624885466699,0.0,0.0,LA_bl0_bo0
2025-06-27,18985.619997593054,16296.1611578806,3278.7924605822436,594.2048923999989,0.0,0.0,LA_bl0_bo0
2025-06-28,17106.28533793998,15556.194584344199,1550.675217775981,302.1777013666662,0.0,0.0,LA_bl0_bo0
2025-06-29,53547.66035174622,45582.462715866,1538.8729624394277,394.5745794999956,0.0,0.0,LA_bl0_bo0
2025-06-30,50138.221368297134,49120.309000283894,943.0131520862393,167.9496288666688,0.0,0.0,LA_bl0_bo0
2025-02-01,18043.419084557907,18291.5197346709,548.6521010439583,135.4218532666644,0.0,0.2,LA_bl0_bo0.2
2025-02-02,61446.89053664074,60561.6888021785,2310.614966593991,364.9224729999986,0.0,0.2,LA_bl0_bo0.2
2025-02-03,69775.05355782772,60450.9425203684,9436.33425585927,1651.7320278433215,0.0,0.2,LA_bl0_bo0.2
2025-02-04,65703.67349336162,62246.754289202,1443.3175544752262,264.6741314333259,0.0,0.2,LA_bl0_bo0.2
2025-02-05,65998.1397761901,57065.990156613494,4228.638502972255,733.7711795333275,0.0,0.2,LA_bl0_bo0.2
2025-02-06,66159.2403732265,65183.58474266525,2289.528937328429,410.2561682666658,0.0,0.2,LA_bl0_bo0.2
2025-02-07,18038.140429282485,18885.416489043997,379.66736039913667,94.99921406666752,0.0,0.2,LA_bl0_bo0.2
2025-02-08,17270.30263052914,14416.9775031215,1456.6985088497895,293.5540482666646,0.0,0.2,LA_bl0_bo0.2
2025-02-09,61885.04128311681,59957.52361128681,911.982801201098,178.51107023333262,0.0,0.2,LA_bl0_bo0.2
2025-02-10,56634.09574762785,54198.719234575794,1688.612584257655,345.94743226666446,0.0,0.2,LA_bl0_bo0.2
2025-02-11,61891.35120342572,53367.67514723054,5806.497543300276,1067.6818447666624,0.0,0.2,LA_bl0_bo0.2
2025-02-12,63959.04295849009,54760.05659219475,7955.485723078964,1458.210252533333,0.0,0.2,LA_bl0_bo0.2
2025-02-13,52604.47614931663,51831.339311711694,474.2159776951348,94.26044600000003,0.0,0.2,LA_bl0_bo0.2
2025-02-14,15559.410157752953,14773.258571236702,0.0,0.0,0.0,0.2,LA_bl0_bo0.2
2025-02-15,16505.643184961125,15350.8297233279,953.5634125581266,253.00193696666543,0.0,0.2,LA_bl0_bo0.2
2025-02-16,61065.53664020178,57453.9932962136,3736.450959042711,695.2885329666598,0.0,0.2,LA_bl0_bo0.2
2025-02-17,56335.43935379757,56068.22574304241,1568.227927281362,266.51695858666494,0.0,0.2,LA_bl0_bo0.2
2025-02-18,55340.11564254779,45851.74412583336,261.30430480666803,52.03843166666695,0.0,0.2,LA_bl0_bo0.2
2025-02-19,58470.46914261051,47469.157343964,6305.817025039911,1180.456318733316,0.0,0.2,LA_bl0_bo0.2
2025-02-20,55447.81229223065,53106.634119123235,3116.3103104963297,600.9456621333326,0.0,0.2,LA_bl0_bo0.2
2025-02-21,14846.5437652401,14666.3308166346,0.0,0.0,0.0,0.2,LA_bl0_bo0.2
2025-02-22,15443.240949208193,14554.1665508309,388.7711395209441,78.11908743332893,0.0,0.2,LA_bl0_bo0.2
2025-02-23,53791.175054205734,51372.9063538442,1613.5803049674334,324.29152856666076,0.0,0.2,LA_bl0_bo0.2
2025-02-24,50265.90465862793,48843.594759098894,1031.3849407496336,209.10600716666647,0.0,0.2,LA_bl0_bo0.2
2025-02-25,51247.057379577076,47162.0720662409,2972.7402222152764,596.649297233329,0.0,0.2,LA_bl0_bo0.2
2025-02-26,53861.451832043815,44077.24861446781,4086.044214220924,765.3142797333317,0.0,0.2,LA_bl0_bo0.2
2025-02-27,50654.813104331486,45427.32576235799,4055.6992312424945,755.4019533666655,0.0,0.2,LA_bl0_bo0.2
2025-02-28,14086.533869571842,13876.0412318356,248.8358643893422,61.34500739999362,0.0,0.2,LA_bl0_bo0.2
2025-03-01,17143.186691348812,14843.545018451001,2801.1788310273596,578.5717764666655,0.0,0.2,LA_bl0_bo0.2
2025-03-02,58444.46930580788,52437.151582443,5582.001633776772,1015.7392306166579,0.0,0.2,LA_bl0_bo0.2
2025-03-03,58183.29237288399,52692.46488064001,5218.48317704234,1005.3205573219939,0.0,0.2,LA_bl0_bo0.2
2025-03-04,50672.47089733261,43884.890453169595,3.1064865000005213,0.6247333333334382,0.0,0.2,LA_bl0_bo0.2
2025-03-05,51403.37678140916,46255.091811447004,3886.701867722661,719.7602957333322,0.0,0.2,LA_bl0_bo0.2
2025-03-06,46203.27238849505,44491.757590479,603.4215642315462,195.5923998666583,0.0,0.2,LA_bl0_bo0.2
2025-03-07,15153.091451887667,14080.7881941187,1694.9247843408157,407.08477376666303,0.0,0.2,LA_bl0_bo0.2
2025-03-08,14416.019051745758,12343.1487005809,773.4277437836083,235.56342589999747,0.0,0.2,LA_bl0_bo0.2
2025-03-09,45478.684689995614,45451.721256129495,1035.0628239738744,201.4132973666682,0.0,0.2,LA_bl0_bo0.2
2025-03-10,51642.17690701158,44936.213821312,3948.518259223582,757.2618883333304,0.0,0.2,LA_bl0_bo0.2
2025-03-11,51210.06261591755,35972.371615674,3097.9042904865537,551.2004014333311,0.0,0.2,LA_bl0_bo0.2
2025-03-12,47129.98543323962,43149.4804185198,3869.148212802017,708.2006791666549,0.0,0.2,LA_bl0_bo0.2
2025-03-13,48477.17028529745,46382.4463456502,1170.6852670057588,187.13633109999876,0.0,0.2,LA_bl0_bo0.2
2025-03-14,12341.856436283,12423.687134664,0.0,0.0,0.0,0.2,LA_bl0_bo0.2
2025-03-15,14259.938133284799,12112.220754674498,1867.998094582052,493.724113399996,0.0,0.2,LA_bl0_bo0.2
2025-03-16,44461.47646334549,43292.2679606775,497.3927698436472,93.56889066666281,0.0,0.2,LA_bl0_bo0.2
2025-03-17,41085.530896621756,38711.980135272,924.9563375476537,177.24511046665808,0.0,0.2,LA_bl0_bo0.2
2025-03-18,44556.042458125776,42977.0166094875,1208.91632600252,265.63200103332633,0.0,0.2,LA_bl0_bo0.2
2025-03-19,43102.56134384097,36403.898691159,1827.6175290674694,360.0602672333306,0.0,0.2,LA_bl0_bo0.2
2025-03-20,47760.8546031547,42717.80211105165,4238.700755067875,763.7417932333228,0.0,0.2,LA_bl0_bo0.2
2025-03-21,13136.886365530676,11617.55993123724,1514.6689969161555,446.7010962666627,0.0,0.2,LA_bl0_bo0.2
2025-03-22,11939.747752113,12148.9663179657,0.0,0.0,0.0,0.2,LA_bl0_bo0.2
2025-03-23,43232.89099379769,42480.950456102,2408.7319865284426,430.10999993333496,0.0,0.2,LA_bl0_bo0.2
2025-03-24,42345.51524347205,40032.5455918124,2764.465416285847,606.6034940999962,0.0,0.2,LA_bl0_bo0.2
2025-03-25,43992.32793959314,41864.028054838906,289.77335771017925,56.71821446666261,0.0,0.2,LA_bl0_bo0.2
2025-03-26,39993.52599004961,38160.920678225004,2244.7836385519536,370.14231336666137,0.0,0.2,LA_bl0_bo0.2
2025-03-27,40970.17310549846,40705.35667266799,1164.5857858714053,251.36325640999365,0.0,0.2,LA_bl0_bo0.2
2025-03-28,12931.01960335667,11802.7399312794,1371.4955504734185,327.9128632333338,0.0,0.2,LA_bl0_bo0.2
2025-03-29,12497.856703959109,11101.6748949693,1132.1405395232596,237.0236808666652,0.0,0.2,LA_bl0_bo0.2
2025-03-30,38746.02648917023,38793.796480936,297.92300195568635,58.84930186666415,0.0,0.2,LA_bl0_bo0.2
2025-03-31,39126.12857009201,35004.114392422,638.1871032809166,115.30859363332064,0.0,0.2,LA_bl0_bo0.2
2025-04-01,44235.05944567823,40085.376357209,552.5732421074289,84.26682748666144,0.0,0.2,LA_bl0_bo0.2
2025-04-02,42902.91543793098,39442.574713762,2443.257936867983,366.96574599999747,0.0,0.2,LA_bl0_bo0.2
2025-04-03,41021.40026916508,41775.782354973504,1603.3902874457776,269.43515146666294,0.0,0.2,LA_bl0_bo0.2
2025-04-04,11518.506006607191,11008.1917749105,703.6567910014318,169.8218392666663,0.0,0.2,LA_bl0_bo0.2
2025-04-05,12291.605843690217,10600.39448168333,1133.1932953539877,336.3816130666635,0.0,0.2,LA_bl0_bo0.2
2025-04-06,40250.35983347309,38279.976328655,2698.704303146962,440.9368240999992,0.0,0.2,LA_bl0_bo0.2
2025-04-07,36654.071846522376,33266.9857061597,1952.4715097548224,367.072121299998,0.0,0.2,LA_bl0_bo0.2
2025-04-08,40855.826832995765,35803.403866412205,2347.457996331357,471.2967263333261,0.0,0.2,LA_bl0_bo0.2
2025-04-09,41772.13250548618,37263.363866381995,3636.5823223585853,605.6402426000002,0.0,0.2,LA_bl0_bo0.2
2025-04-10,38931.02169851913,37565.2425376552,1953.0605588857306,330.8115256999995,0.0,0.2,LA_bl0_bo0.2
2025-04-11,11482.141001182028,10021.917325382801,703.6532117602274,228.11465306666526,0.0,0.2,LA_bl0_bo0.2
2025-04-12,10808.211573133558,10434.907177287801,614.426426016708,167.26384449333088,0.0,0.2,LA_bl0_bo0.2
2025-04-13,37927.20699896883,35294.883192771,1515.3574008817345,253.4105730733271,0.0,0.2,LA_bl0_bo0.2
2025-04-14,38801.83550254647,37156.068380013996,2204.330775225918,338.7369612333335,0.0,0.2,LA_bl0_bo0.2
2025-04-15,36307.41673256441,29861.309475645805,818.3704662670451,130.85124583332748,0.0,0.2,LA_bl0_bo0.2
2025-04-16,38856.9513789219,34687.609706162264,2707.447447685526,447.8965767333294,0.0,0.2,LA_bl0_bo0.2
2025-04-17,37613.95631240869,32988.177331602405,2415.978557389293,382.9648959666601,0.0,0.2,LA_bl0_bo0.2
2025-04-18,10724.329843251546,10234.9663466952,161.54800804398656,45.308117766667465,0.0,0.2,LA_bl0_bo0.2
2025-04-19,10348.612593561791,9615.7424749302,38.786156683740565,9.543837766668446,0.0,0.2,LA_bl0_bo0.2
2025-04-20,34637.402386256705,32878.4867872724,553.8209902745582,84.90280396666537,0.0,0.2,LA_bl0_bo0.2
2025-04-21,35571.037946180906,34199.8121444605,2407.566210491513,455.3467505999967,0.0,0.2,LA_bl0_bo0.2
2025-04-22,36638.69133174825,29947.846460214598,0.0,0.0,0.0,0.2,LA_bl0_bo0.2
2025-04-23,36783.89249905147,29908.1256191875,1792.597244113323,274.3323989299917,0.0,0.2,LA_bl0_bo0.2
2025-04-24,35500.22443753016,31295.258420517002,3347.1455314963578,511.9173135333319,0.0,0.2,LA_bl0_bo0.2
2025-04-25,10313.74871038148,9485.853398118299,985.4887610288897,286.2045113333307,0.0,0.2,LA_bl0_bo0.2
2025-04-26,10505.186521922893,9360.287896186099,779.2569947370424,234.87764356666457,0.0,0.2,LA_bl0_bo0.2
2025-04-27,35519.39752558472,30255.4019416284,2496.3357721027837,412.71380299999726,0.0,0.2,LA_bl0_bo0.2
2025-04-28,39772.32555600883,36863.5435696185,1669.1322256095734,294.384374866665,0.0,0.2,LA_bl0_bo0.2
2025-04-29,34868.33713939452,29132.63416214558,1531.479515286808,231.41122926666787,0.0,0.2,LA_bl0_bo0.2
2025-04-30,36110.20943177329,28299.224744642408,5002.430969195883,871.098330623329,0.0,0.2,LA_bl0_bo0.2
2025-05-01,49597.113986571276,31869.5996963289,14545.776522953323,2827.7081966666647,0.0,0.2,LA_bl0_bo0.2
2025-05-02,15882.01784228245,11763.07600442454,3990.5916622729737,910.7640413333341,0.0,0.2,LA_bl0_bo0.2
2025-05-03,16606.661813780272,10623.4479868721,5817.904267166525,1260.8619343966664,0.0,0.2,LA_bl0_bo0.2
2025-05-04,43612.81320351601,34481.900535723,8463.10534088291,1591.8937925666623,0.0,0.2,LA_bl0_bo0.2
2025-05-05,40743.96507395678,37624.6086631661,3453.3473466296796,533.4267482966593,0.0,0.2,LA_bl0_bo0.2
2025-05-06,40331.21260671562,32042.765069547997,1900.1144283195595,494.60082422999676,0.0,0.2,LA_bl0_bo0.2
2025-05-07,41082.554191810596,34634.825781211,2796.981507158095,435.09881213333017,0.0,0.2,LA_bl0_bo0.2
2025-05-08,39606.699668991794,38332.3394848116,1289.7596358197434,197.09040889666005,0.0,0.2,LA_bl0_bo0.2
2025-05-09,12720.55023263985,12756.307164755799,0.0,0.0,0.0,0.2,LA_bl0_bo0.2
2025-05-10,12061.952994744135,11523.352659438198,560.4727025634854,214.8081340399981,0.0,0.2,LA_bl0_bo0.2
2025-05-11,41176.81443202636,36058.617233963,4231.300790918044,618.8566723999967,0.0,0.2,LA_bl0_bo0.2
2025-05-12,37824.83204082862,32532.853384976097,1087.1719184414214,179.4528242333315,0.0,0.2,LA_bl0_bo0.2
2025-05-13,40049.82642571193,34299.405968914405,4069.2811330135723,634.9116259333341,0.0,0.2,LA_bl0_bo0.2
2025-05-14,37432.4633885698,34515.032809258,1611.6130916373916,340.7049313733281,0.0,0.2,LA_bl0_bo0.2
2025-05-15,37200.41537467169,36174.9245251226,96.2530723467462,43.346788159999804,0.0,0.2,LA_bl0_bo0.2
2025-05-16,12629.470392319803,11193.387833924799,1434.859714540415,482.34318300000274,0.0,0.2,LA_bl0_bo0.2
2025-05-17,13635.874094115416,11023.402633066651,1931.12986762009,359.10384269999827,0.0,0.2,LA_bl0_bo0.2
2025-05-18,36665.78009001679,37688.98005899199,77.08175289390564,23.313233700002385,0.0,0.2,LA_bl0_bo0.2
2025-05-19,38083.36262298199,33146.01520461975,4569.922240950625,696.0581484666654,0.0,0.2,LA_bl0_bo0.2
2025-05-20,40440.48519122644,32136.688932418605,3529.401159455931,590.6327195299991,0.0,0.2,LA_bl0_bo0.2
2025-05-21,38370.96908425106,31271.605978400803,2579.365240266463,513.5813257333323,0.0,0.2,LA_bl0_bo0.2
2025-05-22,36102.653054383336,33430.6082989638,2024.8939885690095,323.35732913566125,0.0,0.2,LA_bl0_bo0.2
2025-05-23,12407.19617019415,10648.230093554801,1000.6456390596505,225.3314225999953,0.0,0.2,LA_bl0_bo0.2
2025-05-24,12220.600015065242,11170.68004386926,1009.69573229003,221.74081336666603,0.0,0.2,LA_bl0_bo0.2
2025-05-25,36676.474893296036,33660.487360339,2464.3989850558382,390.7206397666648,0.0,0.2,LA_bl0_bo0.2
2025-05-26,39582.430679965175,32781.955444657506,2453.151374925222,406.1161154999982,0.0,0.2,LA_bl0_bo0.2
2025-05-27,37245.65792229038,30245.1386043878,2989.5126322385113,533.2933667999957,0.0,0.2,LA_bl0_bo0.2
2025-05-28,36199.67730266623,33574.63752653581,1235.1760351880987,191.23213249999446,0.0,0.2,LA_bl0_bo0.2
2025-05-29,41815.04326924375,34328.4139614714,2439.8732854748155,365.1015838666664,0.0,0.2,LA_bl0_bo0.2
2025-05-30,11444.3789263457,11308.5650430979,0.0,0.0,0.0,0.2,LA_bl0_bo0.2
2025-05-31,11864.84128512742,11570.922799477219,830.4411915000106,159.91550000000206,0.0,0.2,LA_bl0_bo0.2
2025-06-01,69049.91311648709,48997.13931380799,12009.58606947278,2473.355032786666,0.0,0.2,LA_bl0_bo0.2
2025-06-02,58890.22187757761,52972.62826701895,5765.660973863576,1199.6398513000036,0.0,0.2,LA_bl0_bo0.2
2025-06-03,60813.45595118971,46588.779337636006,9756.95425761407,1572.9838836493318,0.0,0.2,LA_bl0_bo0.2
2025-06-04,56971.21815300861,56969.39206233676,2885.3198114788565,483.25081236666756,0.0,0.2,LA_bl0_bo0.2
2025-06-05,55624.2733152409,50190.55115238113,2926.246988818767,479.3696522333253,0.0,0.2,LA_bl0_bo0.2
2025-06-06,28559.335647814463,15798.2434200127,9035.52869588986,2365.4508974666646,0.0,0.2,LA_bl0_bo0.2
2025-06-07,21727.198012476645,18261.55131183476,3616.002938808228,581.7585683433349,0.0,0.2,LA_bl0_bo0.2
2025-06-08,50497.359065977405,48788.9159669181,53.26724692500071,7.63549566666677,0.0,0.2,LA_bl0_bo0.2
2025-06-09,56386.45090688504,55642.01849431061,2668.708098185226,380.9504659000013,0.0,0.2,LA_bl0_bo0.2
2025-06-10,56038.57662689325,49748.46425031141,3020.3442820897717,636.0797563999981,0.0,0.2,LA_bl0_bo0.2
2025-06-11,61341.344528369016,53369.81889440179,4621.860391846725,911.0922795999983,0.0,0.2,LA_bl0_bo0.2
2025-06-12,54051.02519064243,53677.34470472089,244.24100440024367,42.43860819999666,0.0,0.2,LA_bl0_bo0.2
2025-06-13,18442.5121896887,18931.2032755451,0.0,0.0,0.0,0.2,LA_bl0_bo0.2
2025-06-14,19566.375478589427,17685.0964949478,2125.4425429913445,354.16470133333513,0.0,0.2,LA_bl0_bo0.2
2025-06-15,52246.487457764844,49341.2131886827,307.8520591218344,44.45086166666681,0.0,0.2,LA_bl0_bo0.2
2025-06-16,56262.08589029834,51657.048625331096,1592.9417777118413,272.49554147666254,0.0,0.2,LA_bl0_bo0.2
2025-06-17,58952.851289600425,51656.9944635061,3796.1163720314835,720.4688850333284,0.0,0.2,LA_bl0_bo0.2
2025-06-18,53759.96263811816,51760.996522388654,77.7728983648338,11.502314333333402,0.0,0.2,LA_bl0_bo0.2
2025-06-19,54589.684128054745,48082.86464976362,1471.155096502312,224.2219614333293,0.0,0.2,LA_bl0_bo0.2
2025-06-20,17389.971124978278,16951.941862482898,901.3558761872793,269.6362545666655,0.0,0.2,LA_bl0_bo0.2
2025-06-21,17069.015862951932,16406.3984508756,885.2830571769334,314.4992501999998,0.0,0.2,LA_bl0_bo0.2
2025-06-22,49793.29797919686,47102.10020367249,322.691442802218,47.388039900000194,0.0,0.2,LA_bl0_bo0.2
2025-06-23,51744.82549625158,47884.882727446515,2432.028715499571,512.9666713333241,0.0,0.2,LA_bl0_bo0.2
2025-06-24,58398.390452631094,56679.158378173815,1210.6294431979804,214.4939383666661,0.0,0.2,LA_bl0_bo0.2
2025-06-25,51928.756826341334,47738.3481202861,295.18298716633444,42.52443366666682,0.0,0.2,LA_bl0_bo0.2
2025-06-26,50450.627389900525,46536.983002847795,2144.182326946706,371.5152294666627,0.0,0.2,LA_bl0_bo0.2
2025-06-27,19063.064146836103,16426.7136676267,3278.7924605822436,594.2048923999989,0.0,0.2,LA_bl0_bo0.2
2025-06-28,17135.175182973042,15677.988505543082,1550.675217775981,302.1777013666662,0.0,0.2,LA_bl0_bo0.2
2025-06-29,53211.90623694883,46359.87122131815,1537.627510183729,394.3814575399987,0.0,0.2,LA_bl0_bo0.2
2025-06-30,50487.775170723326,49986.051357538294,939.8738791043312,166.63220366666516,0.0,0.2,LA_bl0_bo0.2
2025-02-01,18325.96076032236,18803.3049211788,544.932660058959,134.4274832666646,0.0,0.5,LA_bl0_bo0.5
2025-02-02,61949.833331933085,61561.2762297612,2310.614966593991,364.9224729999986,0.0,0.5,LA_bl0_bo0.5
2025-02-03,70239.12605160438,61465.282309048795,9436.334257569342,1651.7320280999927,0.0,0.5,LA_bl0_bo0.5
2025-02-04,66305.17166537362,63258.786410251996,1544.223232397223,283.2708284333253,0.0,0.5,LA_bl0_bo0.5
2025-02-05,65896.0470104929,58102.9491369289,4228.638539184596,733.7711859666592,0.0,0.5,LA_bl0_bo0.5
2025-02-06,66670.64831638252,66205.07730120726,2289.528937328429,410.2561682666658,0.0,0.5,LA_bl0_bo0.5
2025-02-07,18318.434465707236,19346.300761161,379.66736039913667,94.99921406666752,0.0,0.5,LA_bl0_bo0.5
2025-02-08,17183.229648335244,14536.3087999269,1456.6984860665957,293.5540438666658,0.0,0.5,LA_bl0_bo0.5
2025-02-09,62030.3397220873,61040.0087877476,911.982801201098,178.51107023333262,0.0,0.5,LA_bl0_bo0.5
2025-02-10,56297.507995182415,55212.9534382766,1238.0656486653165,255.54228633332997,0.0,0.5,LA_bl0_bo0.5
2025-02-11,62124.94119286759,54382.8533868444,5810.3284589688765,1068.3734444666625,0.0,0.5,LA_bl0_bo0.5
2025-02-12,63483.34913005802,55771.6116906643,6870.536468839128,1270.5815125333324,0.0,0.5,LA_bl0_bo0.5
2025-02-13,52797.04016920748,52825.541386517594,474.2159776951348,94.26044600000003,0.0,0.5,LA_bl0_bo0.5
2025-02-14,15612.00496802055,14982.7288333215,0.0,0.0,0.0,0.5,LA_bl0_bo0.5
2025-02-15,16689.83839627392,15812.701289746401,953.5634456661676,253.0019436666636,0.0,0.5,LA_bl0_bo0.5
2025-02-16,61593.42189024253,58510.0037981595,3736.4509937275047,695.2885393666587,0.0,0.5,LA_bl0_bo0.5
2025-02-17,56859.73944614295,57116.5123894972,1568.2279272813569,266.51695858666415,0.0,0.5,LA_bl0_bo0.5
2025-02-18,54814.262785261526,46862.670679967705,261.30430480666803,52.03843166666695,0.0,0.5,LA_bl0_bo0.5
2025-02-19,58767.342256769174,48473.404513195404,6794.247732215865,1266.40224644332,0.0,0.5,LA_bl0_bo0.5
2025-02-20,56052.206676878755,54159.68447528625,3284.44275372033,633.4390051333326,0.0,0.5,LA_bl0_bo0.5
2025-02-21,14938.710590637798,14793.9335248585,0.0,0.0,0.0,0.5,LA_bl0_bo0.5
2025-02-22,15482.66814865231,14713.8998024756,367.69298088841003,74.00467036666213,0.0,0.5,LA_bl0_bo0.5
2025-02-23,54012.73667458133,52458.6763948287,1613.5802871325827,324.29152586666066,0.0,0.5,LA_bl0_bo0.5
2025-02-24,50799.58606900369,49793.35646474775,1020.4177775988016,206.95958050000002,0.0,0.5,LA_bl0_bo0.5
2025-02-25,51667.18648481813,48138.005533961,2952.8015935752765,592.9088172333289,0.0,0.5,LA_bl0_bo0.5
2025-02-26,53441.954289228976,45000.0135464948,4067.6460697775765,761.9639848333322,0.0,0.5,LA_bl0_bo0.5
2025-02-27,50714.71162555305,46359.77125785119,4055.6991904334586,755.40194726666,0.0,0.5,LA_bl0_bo0.5
2025-02-28,13953.866261567293,13969.212803406299,88.42557117134247,28.267310066660343,0.0,0.5,LA_bl0_bo0.5
2025-03-01,17407.94854888311,15316.040950090599,2801.1788310273596,578.5717764666655,0.0,0.5,LA_bl0_bo0.5
2025-03-02,58829.17930246737,53566.39246425297,5582.001604799088,1015.7392260166604,0.0,0.5,LA_bl0_bo0.5
2025-03-03,58605.606065648964,53819.21607710299,5220.34505794084,1005.651176321994,0.0,0.5,LA_bl0_bo0.5
2025-03-04,50213.2875042061,44851.4344360216,3.1064865000005213,0.6247333333334382,0.0,0.5,LA_bl0_bo0.5
2025-03-05,51243.96532688716,47274.944176313,3196.0573468926614,594.8923657333322,0.0,0.5,LA_bl0_bo0.5
2025-03-06,46455.85820074905,45465.108654594995,603.421584382553,195.5924028666593,0.0,0.5,LA_bl0_bo0.5
2025-03-07,15188.734380589214,14265.838043251799,1613.1023161408157,382.703823766663,0.0,0.5,LA_bl0_bo0.5
2025-03-08,14351.66560925746,12442.4115675738,773.4277321538104,235.5634222999981,0.0,0.5,LA_bl0_bo0.5
2025-03-09,45914.11152987612,46444.6902998699,1035.0628255176707,201.41329766666746,0.0,0.5,LA_bl0_bo0.5
2025-03-10,51365.55404064618,45976.1848476446,3948.518259223582,757.2618883333304,0.0,0.5,LA_bl0_bo0.5
2025-03-11,50825.71488488106,36736.965066606004,3097.9042904865537,551.2004014333311,0.0,0.5,LA_bl0_bo0.5
2025-03-12,47381.95266589287,44122.6976445457,3880.4327017782216,710.2109203666557,0.0,0.5,LA_bl0_bo0.5
2025-03-13,48604.245004296754,47387.0356786918,1170.6852955165107,187.13633553332977,0.0,0.5,LA_bl0_bo0.5
2025-03-14,12442.761430812392,12533.482206748,0.0,0.0,0.0,0.5,LA_bl0_bo0.5
2025-03-15,14124.93808510092,12187.2436254928,1741.6826188753207,459.2842135666671,0.0,0.5,LA_bl0_bo0.5
2025-03-16,44198.903161651106,44259.2981826562,8.081100000000493,1.6400000000001,0.0,0.5,LA_bl0_bo0.5
2025-03-17,41186.26177685047,39516.053258245214,924.9563375476537,177.24511046665808,0.0,0.5,LA_bl0_bo0.5
2025-03-18,45051.841067146925,43982.1868893705,1208.9163257931725,265.63200093332756,0.0,0.5,LA_bl0_bo0.5
2025-03-19,42642.39066310776,37231.33249656099,1827.6175290674694,360.0602672333306,0.0,0.5,LA_bl0_bo0.5
2025-03-20,48172.72744505561,43711.9572620588,4238.7007383124055,763.741790699989,0.0,0.5,LA_bl0_bo0.5
2025-03-21,13162.975402753256,11719.97917405,1514.669019680155,446.7011042666625,0.0,0.5,LA_bl0_bo0.5
2025-03-22,11996.460775399548,12244.742628573798,0.0,0.0,0.0,0.5,LA_bl0_bo0.5
2025-03-23,43741.23169582869,43454.055736575,2408.7319865284426,430.10999993333496,0.0,0.5,LA_bl0_bo0.5
2025-03-24,42644.601839532836,40950.62566615699,2768.4605357258415,607.2601540999952,0.0,0.5,LA_bl0_bo0.5
2025-03-25,44438.02672722418,42895.932249106205,289.77334033958175,56.718211066663095,0.0,0.5,LA_bl0_bo0.5
2025-03-26,40356.58801837701,38892.652726369,2244.7836385519618,370.142313366663,0.0,0.5,LA_bl0_bo0.5
2025-03-27,41450.003594626876,41690.255785125,1164.585790385815,251.36325730999556,0.0,0.5,LA_bl0_bo0.5
2025-03-28,12993.5075511932,11890.48754495246,1371.4955504734185,327.9128632333338,0.0,0.5,LA_bl0_bo0.5
2025-03-29,12497.960602819141,11170.9753075839,1135.398863956591,237.02367253333148,0.0,0.5,LA_bl0_bo0.5
2025-03-30,39167.20514035018,39708.890255822,297.9229936376396,58.84930056666447,0.0,0.5,LA_bl0_bo0.5
2025-03-31,38960.49276357042,35782.85584037,638.1870765229189,115.30858963332099,0.0,0.5,LA_bl0_bo0.5
2025-04-01,44000.81443226422,41084.04274875601,552.414602878914,84.24277848665918,0.0,0.5,LA_bl0_bo0.5
2025-04-02,42961.99036438009,40446.1246502138,2439.982804082789,366.4738365999983,0.0,0.5,LA_bl0_bo0.5
2025-04-03,41518.66267545597,42734.375284889844,1608.2480743500291,270.1357769666632,0.0,0.5,LA_bl0_bo0.5
2025-04-04,11549.1059329273,11087.636578492722,679.6453659544272,164.02687726666522,0.0,0.5,LA_bl0_bo0.5
2025-04-05,12286.189383000576,10671.888311888,1133.193293436225,336.3816125999978,0.0,0.5,LA_bl0_bo0.5
2025-04-06,40581.204225425594,39191.61265322,2698.704303146962,440.9368240999992,0.0,0.5,LA_bl0_bo0.5
2025-04-07,36821.83349387044,34062.73808537841,1952.471509754811,367.07212129999635,0.0,0.5,LA_bl0_bo0.5
2025-04-08,41224.65492081996,36653.6311873586,2343.8193159563634,470.76060133332703,0.0,0.5,LA_bl0_bo0.5
2025-04-09,41757.20744432273,38231.62742757,3629.40684410524,604.5538719333317,0.0,0.5,LA_bl0_bo0.5
2025-04-10,39227.50490829357,38377.726976018,1943.7038567677291,329.3702591999993,0.0,0.5,LA_bl0_bo0.5
2025-04-11,11464.782588036127,10077.4074667932,703.3228778962268,228.11464906666515,0.0,0.5,LA_bl0_bo0.5
2025-04-12,10868.895997347363,10541.242994335411,614.426426016708,167.26384449333088,0.0,0.5,LA_bl0_bo0.5
2025-04-13,37960.07707580143,36144.0196303505,1515.357407577683,253.41057407932897,0.0,0.5,LA_bl0_bo0.5
2025-04-14,39236.45348050972,38055.491529114006,2204.330790193162,338.7369635333326,0.0,0.5,LA_bl0_bo0.5
2025-04-15,36154.93810240146,30549.205839530005,818.3704591076923,130.85124473332706,0.0,0.5,LA_bl0_bo0.5
2025-04-16,38895.830209085485,35607.35221539911,2700.4554472855334,446.87135673333046,0.0,0.5,LA_bl0_bo0.5
2025-04-17,37679.5547470632,33769.888289029004,2375.7698071966006,376.81112359999423,0.0,0.5,LA_bl0_bo0.5
2025-04-18,10673.055322462698,10309.1531165724,99.25575768548731,29.503918766667653,0.0,0.5,LA_bl0_bo0.5
2025-04-19,10305.87007577325,9687.9253713167,0.0,0.0,0.0,0.5,LA_bl0_bo0.5
2025-04-20,34625.11418960216,33677.6272295265,553.8209902745582,84.90280396666537,0.0,0.5,LA_bl0_bo0.5
2025-04-21,35944.47140386316,34967.345725177,2407.566210491513,455.3467505999967,0.0,0.5,LA_bl0_bo0.5
2025-04-22,36440.174072187896,30265.683862917896,0.0,0.0,0.0,0.5,LA_bl0_bo0.5
2025-04-23,36568.23440980508,30209.749058387097,1777.0747880538852,272.1040819533282,0.0,0.5,LA_bl0_bo0.5
2025-04-24,35721.17953810251,31960.230018946302,3347.1455314963578,511.9173135333319,0.0,0.5,LA_bl0_bo0.5
2025-04-25,10257.116132252138,9559.615470196699,882.7969281588896,261.82952133333066,0.0,0.5,LA_bl0_bo0.5
2025-04-26,10363.930806962639,9434.45864414164,658.4314786437085,206.0856702333311,0.0,0.5,LA_bl0_bo0.5
2025-04-27,35566.14312398353,30853.37056102142,2489.6767333927824,411.69878299999704,0.0,0.5,LA_bl0_bo0.5
2025-04-28,39643.92087861708,37954.348154697,1660.1569643245825,293.20966486666634,0.0,0.5,LA_bl0_bo0.5
2025-04-29,34487.534718767005,29903.0125914202,1524.0026312468137,230.28144926666874,0.0,0.5,LA_bl0_bo0.5
2025-04-30,36026.3289228964,28602.2242104518,5046.719480990152,879.0671109666614,0.0,0.5,LA_bl0_bo0.5
2025-05-01,49827.92944813732,32651.0347349584,14524.203507083319,2824.361986666664,0.0,0.5,LA_bl0_bo0.5
2025-05-02,15869.874599890529,11889.0647110048,3975.399334779525,910.2735202333342,0.0,0.5,LA_bl0_bo0.5
2025-05-03,16584.661352121573,10715.0902694572,5806.002927791525,1260.2451243966664,0.0,0.5,LA_bl0_bo0.5
2025-05-04,44161.779702531814,35347.80853538,8448.855703233914,1589.636066566663,0.0,0.5,LA_bl0_bo0.5
2025-05-05,41419.445920741906,38500.100426303004,3441.1297271066073,531.6117561666626,0.0,0.5,LA_bl0_bo0.5
2025-05-06,40087.49877235048,32376.049267622297,1847.4340671571838,483.86697714999843,0.0,0.5,LA_bl0_bo0.5
2025-05-07,40783.63188230155,35026.463025796,2782.7020729075543,433.01604509999544,0.0,0.5,LA_bl0_bo0.5
2025-05-08,39969.077273879106,39311.292784555604,1285.9109700325514,196.5022875966613,0.0,0.5,LA_bl0_bo0.5
2025-05-09,12730.83886206275,12870.5704187983,0.0,0.0,0.0,0.5,LA_bl0_bo0.5
2025-05-10,12086.913899237987,11619.444175060198,560.4727013635877,214.80813381999485,0.0,0.5,LA_bl0_bo0.5
2025-05-11,41147.546738059915,37008.045852213996,4197.268315336924,613.9144017666653,0.0,0.5,LA_bl0_bo0.5
2025-05-12,37861.56290727122,33421.0190359648,1070.944437474419,177.03406123333116,0.0,0.5,LA_bl0_bo0.5
2025-05-13,40290.823739763924,35271.381323013804,4048.1191504135663,631.7744259333332,0.0,0.5,LA_bl0_bo0.5
2025-05-14,37290.65001228262,35392.744654461,1595.4679868252458,338.3956837423268,0.0,0.5,LA_bl0_bo0.5
2025-05-15,37321.90446661261,37033.075955453605,96.25307150055784,43.346787799996235,0.0,0.5,LA_bl0_bo0.5
2025-05-16,12651.166441799463,11292.70194085612,1434.859714540415,482.34318300000274,0.0,0.5,LA_bl0_bo0.5
2025-05-17,13640.998728135988,11134.153959735799,1931.12986762009,359.10384269999827,0.0,0.5,LA_bl0_bo0.5
2025-05-18,37101.4146873381,38641.3977610316,73.6963556019054,21.870797700002278,0.0,0.5,LA_bl0_bo0.5
2025-05-19,38242.308933370194,33811.48447243066,4569.922240950613,696.0581484666637,0.0,0.5,LA_bl0_bo0.5
2025-05-20,39914.42992991371,33010.17932541337,3508.407563673788,587.4927859700017,0.0,0.5,LA_bl0_bo0.5
2025-05-21,37886.668551888666,31994.5994361162,2552.6331786270666,509.6536058333329,0.0,0.5,LA_bl0_bo0.5
2025-05-22,35952.11540445994,34159.461422456,2048.400102647938,326.9315880999931,0.0,0.5,LA_bl0_bo0.5
2025-05-23,12358.348276961653,10733.8639936107,953.3871919216537,192.44438999999744,0.0,0.5,LA_bl0_bo0.5
2025-05-24,12242.811915909811,11265.696759800401,1009.69573229003,221.74081336666603,0.0,0.5,LA_bl0_bo0.5
2025-05-25,37158.11739760424,34511.08069622403,2436.6896631013287,386.78856626666345,0.0,0.5,LA_bl0_bo0.5
2025-05-26,38960.792601560366,33622.661416532,2453.151359760167,406.11611319999747,0.0,0.5,LA_bl0_bo0.5
2025-05-27,37028.993721095656,30568.1273893879,2982.298814313036,532.212402099992,0.0,0.5,LA_bl0_bo0.5
2025-05-28,36456.10320860329,34517.270702715075,1227.3870257403983,190.06532709999442,0.0,0.5,LA_bl0_bo0.5
2025-05-29,41375.91205223408,35190.7400681163,2414.6585709475853,361.35608259999526,0.0,0.5,LA_bl0_bo0.5
2025-05-30,11385.84618787369,11413.88301073518,0.0,0.0,0.0,0.5,LA_bl0_bo0.5
2025-05-31,11953.422824351563,11719.214399540502,830.4411915000106,159.91550000000206,0.0,0.5,LA_bl0_bo0.5
2025-06-01,69473.36856777058,50375.979543083886,11992.873568073826,2470.9175644866655,0.0,0.5,LA_bl0_bo0.5
2025-06-02,59475.69655227182,54263.71205182595,5734.33354390558,1194.9161133000039,0.0,0.5,LA_bl0_bo0.5
2025-06-03,60532.08107753103,47811.732590624,9737.532077745384,1570.2886047333327,0.0,0.5,LA_bl0_bo0.5
2025-06-04,57523.7134575216,58282.055217298155,2865.0105939376463,480.359614766666,0.0,0.5,LA_bl0_bo0.5
2025-06-05,55742.470167242194,51492.38081026312,2889.700237168574,474.08756643332634,0.0,0.5,LA_bl0_bo0.5
2025-06-06,28565.340157519895,16027.288446425577,9015.046529924857,2362.2184874666646,0.0,0.5,LA_bl0_bo0.5
2025-06-07,22032.897251754915,18983.9015866682,3604.7813586482166,580.0046483433331,0.0,0.5,LA_bl0_bo0.5
2025-06-08,50707.9898528061,49980.329388827806,53.26724692500071,7.63549566666677,0.0,0.5,LA_bl0_bo0.5
2025-06-09,57067.45942664603,56999.73282168781,2669.0250957365743,380.95046420000097,0.0,0.5,LA_bl0_bo0.5
2025-06-10,55452.536052387455,50937.465349286416,3019.967697153723,636.0797636999982,0.0,0.5,LA_bl0_bo0.5
2025-06-11,60273.717120732865,54732.861644019285,4022.665063606729,797.4361095999988,0.0,0.5,LA_bl0_bo0.5
2025-06-12,54727.34437444764,55033.592467308,228.11647305158627,40.154194889993484,0.0,0.5,LA_bl0_bo0.5
2025-06-13,18594.01691540972,19188.631061205142,0.0,0.0,0.0,0.5,LA_bl0_bo0.5
2025-06-14,19779.265909389032,18196.666575232,2125.4425429913445,354.16470133333513,0.0,0.5,LA_bl0_bo0.5
2025-06-15,52176.60948167009,50550.634019552905,466.59390932848356,66.99106176666669,0.0,0.5,LA_bl0_bo0.5
2025-06-16,56315.229923450184,52977.1278335716,1523.785635420882,249.93448067666435,0.0,0.5,LA_bl0_bo0.5
2025-06-17,59137.695004242174,52995.4568387916,3747.556519613121,713.7751290999956,0.0,0.5,LA_bl0_bo0.5
2025-06-18,53826.49337533334,53059.536131513305,77.7728983648338,11.502314333333402,0.0,0.5,LA_bl0_bo0.5
2025-06-19,54567.51703535627,49295.72202983855,1471.155096502312,224.2219614333293,0.0,0.5,LA_bl0_bo0.5
2025-06-20,17492.43012722373,17134.317241953802,901.3558761872793,269.6362545666655,0.0,0.5,LA_bl0_bo0.5
2025-06-21,17167.203948054434,16574.4468988406,885.2830571769334,314.4992501999998,0.0,0.5,LA_bl0_bo0.5
2025-06-22,49836.10662583616,48410.105708948046,321.79995979041814,47.256102500000225,0.0,0.5,LA_bl0_bo0.5
2025-06-23,52310.59633135092,49050.9346813905,2410.227977089424,509.8571759999936,0.0,0.5,LA_bl0_bo0.5
2025-06-24,58711.55798201186,58086.084868966325,1210.6294681248337,214.4939422666666,0.0,0.5,LA_bl0_bo0.5
2025-06-25,52178.216027028604,48996.068604122614,295.18298716633444,42.52443366666682,0.0,0.5,LA_bl0_bo0.5
2025-06-26,50119.63423818344,47640.721348688145,2136.3613706823962,370.4113541999994,0.0,0.5,LA_bl0_bo0.5
2025-06-27,19182.057714811603,16628.1970942777,3278.7924605822436,594.2048923999989,0.0,0.5,LA_bl0_bo0.5
2025-06-28,17181.6863056677,15867.4612337944,1550.675217775981,302.1777013666662,0.0,0.5,LA_bl0_bo0.5
2025-06-29,52956.970145150575,47549.726508282634,1521.0113549967423,391.9170203999977,0.0,0.5,LA_bl0_bo0.5
2025-06-30,51093.52011747917,51337.850053992195,935.1649729403827,164.65606956666585,0.0,0.5,LA_bl0_bo0.5
2025-02-01,18708.18319505196,19587.211182436,538.7335668139599,132.77019326666488,0.0,1.0,LA_bl0_bo1
2025-02-02,62832.57443151176,63272.62493397454,2310.614966593991,364.9224729999986,0.0,1.0,LA_bl0_bo1
2025-02-03,71052.93753733403,63168.1341310843,9436.334258235584,1651.732028199991,0.0,1.0,LA_bl0_bo1
2025-02-04,67023.84463325667,64942.6506859351,1401.1521627352204,256.9031414333248,0.0,1.0,LA_bl0_bo1
2025-02-05,65932.63698224167,59822.193032068,4228.638517349621,733.7711826333302,0.0,1.0,LA_bl0_bo1
2025-02-06,67534.57023084532,67932.92113013286,2289.528937328429,410.2561682666658,0.0,1.0,LA_bl0_bo1
2025-02-07,18808.881203304234,20159.565450741997,379.66736039913667,94.99921406666752,0.0,1.0,LA_bl0_bo1
2025-02-08,17027.969323601323,14745.919538039958,1456.6985062659692,293.55404776766494,0.0,1.0,LA_bl0_bo1
2025-02-09,62847.977092649504,62857.784933471805,911.982801201098,178.51107023333262,0.0,1.0,LA_bl0_bo1
2025-02-10,56399.567010493076,56905.3008904451,570.828808533785,121.40606313333015,0.0,1.0,LA_bl0_bo1
2025-02-11,62552.30922940602,56054.94048401066,5810.3284589688765,1068.3734444666625,0.0,1.0,LA_bl0_bo1
2025-02-12,63792.422901578786,57481.564229109805,6280.80995971913,1166.6466325333329,0.0,1.0,LA_bl0_bo1
2025-02-13,53471.97957675443,54484.6671630123,474.2159776951296,94.26044599999923,0.0,1.0,LA_bl0_bo1
2025-02-14,15919.559436593763,15772.349208222082,0.0,0.0,0.0,1.0,LA_bl0_bo1
2025-02-15,17015.755568364035,16636.796741524242,953.5634343007127,253.00194136666263,0.0,1.0,LA_bl0_bo1
2025-02-16,62475.78367319771,60274.82558422636,3736.4509801787594,695.2885368666595,0.0,1.0,LA_bl0_bo1
2025-02-17,57729.931700476656,58859.0580746014,1568.2279272813569,266.51695858666415,0.0,1.0,LA_bl0_bo1
2025-02-18,53978.81769973967,48606.1465949826,261.30430480666803,52.03843166666695,0.0,1.0,LA_bl0_bo1
2025-02-19,58785.57193167372,50178.02109056999,6988.982500085633,1300.1308825699803,0.0,1.0,LA_bl0_bo1
2025-02-20,56794.58224932422,55945.45509396019,3147.46081524033,606.9040601333326,0.0,1.0,LA_bl0_bo1
2025-02-21,15152.6008728855,15114.1613127649,0.0,0.0,0.0,1.0,LA_bl0_bo1
2025-02-22,15717.136479741921,15358.38843246,367.69298925596945,74.00467199999403,0.0,1.0,LA_bl0_bo1
2025-02-23,54580.07991237114,54237.241793218185,1610.562009191344,323.7623283666625,0.0,1.0,LA_bl0_bo1
2025-02-24,51678.928201808354,51419.8758216571,1083.2363720638018,219.25405050000006,0.0,1.0,LA_bl0_bo1
2025-02-25,52470.514855294074,49809.6596150469,2988.288224615275,599.5660972333287,0.0,1.0,LA_bl0_bo1
2025-02-26,51768.13744950024,46608.340303664896,2504.645894003391,475.3870925333317,0.0,1.0,LA_bl0_bo1
2025-02-27,51535.59335098284,47984.881499487,4055.6991877485425,755.4019468653273,0.0,1.0,LA_bl0_bo1
2025-02-28,14052.408140172043,14128.7175210528,88.42557117134247,28.267310066660343,0.0,1.0,LA_bl0_bo1
2025-03-01,17850.211450159513,16092.395333485401,2801.1788310273596,578.5717764666655,0.0,1.0,LA_bl0_bo1
2025-03-02,59449.788273447,55469.37583140452,5582.001649525528,1015.7392331166587,0.0,1.0,LA_bl0_bo1
2025-03-03,59325.12668801248,55656.4075720556,5221.261521493039,1005.8139151219939,0.0,1.0,LA_bl0_bo1
2025-03-04,50065.536000984204,46497.9127538744,3.1064865000005213,0.6247333333334382,0.0,1.0,LA_bl0_bo1
2025-03-05,52016.69728905791,48987.8044146965,3139.419464412661,584.6522857333322,0.0,1.0,LA_bl0_bo1
2025-03-06,47096.49692223419,47132.2611693019,603.4215548277433,195.59239846665787,0.0,1.0,LA_bl0_bo1
2025-03-07,15556.823430979815,14946.155391118,1613.1023161408157,382.703823766663,0.0,1.0,LA_bl0_bo1
2025-03-08,14342.75457729766,12615.9803389499,773.4277185857106,235.56341809999816,0.0,1.0,LA_bl0_bo1
2025-03-09,46689.89052928383,48102.7638126973,1035.0628203716774,201.41329666666877,0.0,1.0,LA_bl0_bo1
2025-03-10,51710.21298795109,47754.1514481248,3942.4127084711863,756.1221551333308,0.0,1.0,LA_bl0_bo1
2025-03-11,50022.996631207854,38184.836614496395,3097.9042904865537,551.2004014333311,0.0,1.0,LA_bl0_bo1
2025-03-12,48150.642999860305,45763.42609135798,3880.432689428522,710.2109181666558,0.0,1.0,LA_bl0_bo1
2025-03-13,49144.79378839022,49104.9468263215,1170.6852682919694,187.1363313000004,0.0,1.0,LA_bl0_bo1
2025-03-14,12577.591773223732,12729.71227439518,0.0,0.0,0.0,1.0,LA_bl0_bo1
2025-03-15,14084.67808231438,12314.1232912304,1712.3242292505802,459.28420733333246,0.0,1.0,LA_bl0_bo1
2025-03-16,44768.855627953555,45914.8347732351,8.081100000000493,1.6400000000001,0.0,1.0,LA_bl0_bo1
2025-03-17,40966.399253364456,41016.229392495574,924.6593636922833,177.20007689999372,0.0,1.0,LA_bl0_bo1
2025-03-18,45469.84990307877,45697.5764032695,728.7345240575223,161.8200255666608,0.0,1.0,LA_bl0_bo1
2025-03-19,41957.64187024147,38647.877071172996,1827.6175290674694,360.0602672333306,0.0,1.0,LA_bl0_bo1
2025-03-20,48690.79123782431,45376.7152285685,4238.7007187650615,763.7417867333202,0.0,1.0,LA_bl0_bo1
2025-03-21,13220.991054340604,11925.553518847099,1514.6690111436562,446.70110126666293,0.0,1.0,LA_bl0_bo1
2025-03-22,12100.98336960224,12421.64047535618,0.0,0.0,0.0,1.0,LA_bl0_bo1
2025-03-23,44579.11846147929,45130.4216328762,2408.7319865284426,430.10999993333496,0.0,1.0,LA_bl0_bo1
2025-03-24,43218.621965606406,42578.72388594186,2767.5326659271777,608.9406834999954,0.0,1.0,LA_bl0_bo1
2025-03-25,45261.141624656586,44755.23669932101,289.77330457657797,56.71820406666236,0.0,1.0,LA_bl0_bo1
2025-03-26,40825.86722208239,40208.12469284476,2244.7836385519618,370.142313366663,0.0,1.0,LA_bl0_bo1
2025-03-27,42298.17528699633,43355.666634320296,1164.5858044306199,251.36326010999653,0.0,1.0,LA_bl0_bo1
2025-03-28,13101.41429993047,12045.322965627001,1371.4955504734185,327.9128632333338,0.0,1.0,LA_bl0_bo1
2025-03-29,12490.375268194162,11297.9326848427,1140.667948110463,237.02368106666586,0.0,1.0,LA_bl0_bo1
2025-03-30,39879.567044251824,41300.577040344535,297.9229494880062,58.849293666667066,0.0,1.0,LA_bl0_bo1
2025-03-31,39060.67077598857,37141.753317584,638.1871284780718,115.30859739999306,0.0,1.0,LA_bl0_bo1
2025-04-01,44514.509409367165,42875.1895530066,552.1502655012131,84.20270611832734,0.0,1.0,LA_bl0_bo1
2025-04-02,43860.67946703052,42114.162797490004,2434.524242782814,365.6539866000021,0.0,1.0,LA_bl0_bo1
2025-04-03,42351.69502705893,44390.392941557104,1610.5919079708246,270.4738217666625,0.0,1.0,LA_bl0_bo1
2025-04-04,11606.914815960135,11233.6626296584,639.6263242094249,154.36860726666464,0.0,1.0,LA_bl0_bo1
2025-04-05,12283.805625616173,10791.63794740668,1133.1932852172326,336.3816105999997,0.0,1.0,LA_bl0_bo1
2025-04-06,41285.61912902525,40826.068528947,2698.704303146962,440.9368240999992,0.0,1.0,LA_bl0_bo1
2025-04-07,37138.00661604735,35384.10400564538,1952.471543794762,367.0721263999965,0.0,1.0,LA_bl0_bo1
2025-04-08,41872.82893379761,38126.043160398294,2337.7548531893713,469.86706033332814,0.0,1.0,LA_bl0_bo1
2025-04-09,42607.556635717636,39852.1449112474,3617.4477485427337,602.7432594333308,0.0,1.0,LA_bl0_bo1
2025-04-10,40055.71976442382,39825.93911277419,1928.4796945713265,327.02519416666553,0.0,1.0,LA_bl0_bo1
2025-04-11,11437.307974073454,10178.84528674965,703.6532117602274,228.11465306666526,0.0,1.0,LA_bl0_bo1
2025-04-12,10981.765098156156,10741.926143653,614.426426016708,167.26384449333088,0.0,1.0,LA_bl0_bo1
2025-04-13,38414.1809291629,37633.55634603196,1515.3574269222804,253.41057698566874,0.0,1.0,LA_bl0_bo1
2025-04-14,39970.906579703464,39574.709833593006,2204.3307583064116,338.73695863333256,0.0,1.0,LA_bl0_bo1
2025-04-15,36050.43526250104,31762.833308432102,816.0008665566265,130.48716813333232,0.0,1.0,LA_bl0_bo1
2025-04-16,39347.662556466035,37212.635863684,2688.6427298855365,445.13928673333095,0.0,1.0,LA_bl0_bo1
2025-04-17,37211.738717966015,35089.898363705,2141.252882227779,327.7093483666635,0.0,1.0,LA_bl0_bo1
2025-04-18,10601.9212306151,10437.69097159458,7.054481530851274,3.1635877666670797,0.0,1.0,LA_bl0_bo1
2025-04-19,10295.714399178214,9812.77066869817,0.0,0.0,0.0,1.0,LA_bl0_bo1
2025-04-20,34853.256308372,34987.48742754699,553.8209902745582,84.90280396666537,0.0,1.0,LA_bl0_bo1
2025-04-21,36658.61375245066,36430.07487276,2407.566210491513,455.3467505999967,0.0,1.0,LA_bl0_bo1
2025-04-22,36247.268517751494,31068.817706641297,0.0,0.0,0.0,1.0,LA_bl0_bo1
2025-04-23,35771.041192925804,31435.51349082604,1752.6956740519265,268.60435269665885,0.0,1.0,LA_bl0_bo1
2025-04-24,36306.25255754267,33325.72994662241,3347.1455314963578,511.9173135333319,0.0,1.0,LA_bl0_bo1
2025-04-25,10174.585743148189,9682.5522420578,712.3461523888897,221.37123133333066,0.0,1.0,LA_bl0_bo1
2025-04-26,10262.00000838174,9568.299559288498,503.3714051420416,169.1358135666644,0.0,1.0,LA_bl0_bo1
2025-04-27,35356.07336120281,32129.862724866,2478.578269937776,410.00707299999607,0.0,1.0,LA_bl0_bo1
2025-04-28,39778.04569359058,39654.970492712004,1660.1569643245825,293.20966486666634,0.0,1.0,LA_bl0_bo1
2025-04-29,34659.0258548634,31304.896031259,1511.5412019668095,228.3984892666681,0.0,1.0,LA_bl0_bo1
2025-04-30,36123.61876242937,29942.2496541995,5055.580299137191,880.8988502333265,0.0,1.0,LA_bl0_bo1
2025-05-01,49628.61549106161,33993.267269995995,14488.24858808332,2818.784986666664,0.0,1.0,LA_bl0_bo1
2025-05-02,15909.880851885082,12099.045910993198,3975.399334779525,910.2735202333342,0.0,1.0,LA_bl0_bo1
2025-05-03,16504.02764062369,10882.8500599988,5706.821374075091,1249.4740443633327,0.0,1.0,LA_bl0_bo1
2025-05-04,44837.79123323141,36832.224719702,8425.106336605908,1585.8731945666623,0.0,1.0,LA_bl0_bo1
2025-05-05,42103.945010728756,40029.1506916581,3422.7431531821117,528.8803331666634,0.0,1.0,LA_bl0_bo1
2025-05-06,40014.03838152915,33281.5112078596,1843.0806623456087,482.10695903333266,0.0,1.0,LA_bl0_bo1
2025-05-07,40169.86373237326,36347.517981078,2755.89481457116,429.0429081999964,0.0,1.0,LA_bl0_bo1
2025-05-08,40735.675162729116,40967.06094861661,1280.9071266085516,195.73764159666132,0.0,1.0,LA_bl0_bo1
2025-05-09,12778.3221580118,13073.9251303179,0.0,0.0,0.0,1.0,LA_bl0_bo1
2025-05-10,12131.422158343861,11780.617152105599,560.4726958550611,214.8081328099973,0.0,1.0,LA_bl0_bo1
2025-05-11,41664.291220171246,38648.431527483,4129.136911634986,604.0202101166598,0.0,1.0,LA_bl0_bo1
2025-05-12,37585.39518860794,34882.939772903206,1040.1267595801496,172.44057816666407,0.0,1.0,LA_bl0_bo1
2025-05-13,40686.09652499156,36910.1513156503,4008.386785177663,625.8842227999994,0.0,1.0,LA_bl0_bo1
2025-05-14,37963.011805399176,36871.524623972,1580.5366287532745,336.260039306659,0.0,1.0,LA_bl0_bo1
2025-05-15,37315.83744650762,38585.336089154,96.25307103047115,43.3467876000019,0.0,1.0,LA_bl0_bo1
2025-05-16,12696.33951733734,11470.10016975987,1434.859714540415,482.34318300000274,0.0,1.0,LA_bl0_bo1
2025-05-17,13653.886362028337,11325.0950517686,1931.12986762009,359.10384269999827,0.0,1.0,LA_bl0_bo1
2025-05-18,37932.3790781979,40288.1715645268,72.18753783430647,21.227926900002736,0.0,1.0,LA_bl0_bo1
2025-05-19,38763.12175847261,35026.0968475565,4569.922240950613,696.0581484666637,0.0,1.0,LA_bl0_bo1
2025-05-20,39521.688850104096,34479.20700764114,3475.9586873494545,582.6395289666614,0.0,1.0,LA_bl0_bo1
2025-05-21,37333.84262472392,33438.916542488005,2509.662569288669,503.3399694333332,0.0,1.0,LA_bl0_bo1
2025-05-22,36693.72097114375,35487.4630687731,1907.3538540975323,305.48458003333064,0.0,1.0,LA_bl0_bo1
2025-05-23,12301.961004311754,10878.3735480505,953.3871919216537,192.44438999999744,0.0,1.0,LA_bl0_bo1
2025-05-24,12284.81325611664,11425.78946139526,1009.69573229003,221.74081336666603,0.0,1.0,LA_bl0_bo1
2025-05-25,37545.9803893239,35879.99047890688,2401.4416679635547,381.78672220000044,0.0,1.0,LA_bl0_bo1
2025-05-26,38238.39480535307,35027.8070942639,2453.151359760167,406.11611319999747,0.0,1.0,LA_bl0_bo1
2025-05-27,37028.708403848126,31804.112372790598,2988.2204976785797,533.5950317333297,0.0,1.0,LA_bl0_bo1
2025-05-28,36978.36186385895,36170.80730150599,1214.405376482553,188.12065639999514,0.0,1.0,LA_bl0_bo1
2025-05-29,41198.517123847254,36853.598552521595,2378.3690304295837,355.96547943332837,0.0,1.0,LA_bl0_bo1
2025-05-30,11492.535745524616,11607.889820662529,0.0,0.0,0.0,1.0,LA_bl0_bo1
2025-05-31,12111.982309997362,11988.2142453011,830.4411915000106,159.91550000000206,0.0,1.0,LA_bl0_bo1
2025-06-01,69902.2636882137,52517.709326104494,11958.99916832514,2465.9770846866677,0.0,1.0,LA_bl0_bo1
2025-06-02,60469.451273072715,56454.58656491665,5681.648369932071,1187.0432163000025,0.0,1.0,LA_bl0_bo1
2025-06-03,60282.83900566742,49824.275522608004,9685.727947237761,1563.0995774633325,0.0,1.0,LA_bl0_bo1
2025-06-04,58520.64721784045,60516.000771411156,2836.177739684994,476.2550017333324,0.0,1.0,LA_bl0_bo1
2025-06-05,56416.68460061295,53729.521898617124,2834.441300716827,466.1010168666625,0.0,1.0,LA_bl0_bo1
2025-06-06,28890.895674676445,17054.942721246203,8976.04092546917,2356.062785666666,0.0,1.0,LA_bl0_bo1
2025-06-07,22730.275275005908,20274.185085063196,3586.078725048209,577.0814483433319,0.0,1.0,LA_bl0_bo1
2025-06-08,50924.94565418571,51983.017546399904,53.26724692500071,7.63549566666677,0.0,1.0,LA_bl0_bo1
2025-06-09,58188.2419784383,59237.02713234145,2669.5534394639717,380.9504634000007,0.0,1.0,LA_bl0_bo1
2025-06-10,55475.497906299664,53105.71580448543,3008.9093898832216,636.0074847999982,0.0,1.0,LA_bl0_bo1
2025-06-11,57660.70705535084,57040.072850499695,218.16764333339984,80.3825395999996,0.0,1.0,LA_bl0_bo1
2025-06-12,55810.24365723567,57318.50490185269,206.5060829925736,36.94957486666508,0.0,1.0,LA_bl0_bo1
2025-06-13,19058.145075197797,20034.4426352733,0.0,0.0,0.0,1.0,LA_bl0_bo1
2025-06-14,20266.68559705058,19368.174304939,2125.4425429913445,354.16470133333513,0.0,1.0,LA_bl0_bo1
2025-06-15,52091.256712252805,52589.390559113555,251.65275133983357,36.5093086666667,0.0,1.0,LA_bl0_bo1
2025-06-16,56406.60315785976,55155.1070942673,1547.034631489957,270.28041217666026,0.0,1.0,LA_bl0_bo1
2025-06-17,59508.35743000721,55283.913540293215,3724.5290008271368,710.1255251666598,0.0,1.0,LA_bl0_bo1
2025-06-18,54315.68719685773,55253.6087283432,77.7728983648338,11.502314333333402,0.0,1.0,LA_bl0_bo1
2025-06-19,54565.85029867388,51393.171535346,1454.7439474723292,221.1515874333325,0.0,1.0,LA_bl0_bo1
2025-06-20,17670.580388155682,17452.7770803877,901.3558761872793,269.6362545666655,0.0,1.0,LA_bl0_bo1
2025-06-21,17336.020822596187,16864.935279229903,885.2830571769334,314.4992501999998,0.0,1.0,LA_bl0_bo1
2025-06-22,49770.51494679092,50510.88481818487,320.31416477401893,47.03620830000034,0.0,1.0,LA_bl0_bo1
2025-06-23,53284.75788066021,51112.5060315923,2381.791621366563,505.8011486333302,0.0,1.0,LA_bl0_bo1
2025-06-24,59835.49885023929,60454.403081599405,1210.6293805612804,214.49392856666606,0.0,1.0,LA_bl0_bo1
2025-06-25,52625.73456265899,51139.2469246238,295.18298716633444,42.52443366666682,0.0,1.0,LA_bl0_bo1
2025-06-26,50851.63696141959,49662.365402815165,2136.204540428723,370.38921866666504,0.0,1.0,LA_bl0_bo1
2025-06-27,19415.46814074075,17015.611218239,3278.7924605822436,594.2048923999989,0.0,1.0,LA_bl0_bo1
2025-06-28,17259.893471467432,16197.0192024803,1550.675217775981,302.1777013666662,0.0,1.0,LA_bl0_bo1
2025-06-29,53244.97753479204,49606.20374857194,1479.2012300293973,385.7533202666626,0.0,1.0,LA_bl0_bo1
2025-06-30,52176.28813816165,53577.65073300679,939.3838369527623,166.8991232066657,0.0,1.0,LA_bl0_bo1
2025-02-01,17536.233049598337,17988.1619520854,231.58353999658655,55.6310477999967,0.5,0.0,LA_bl0.5_bo0
2025-02-02,61342.00876276479,59901.4658062499,2324.6522073749875,367.13724749999807,0.5,0.0,LA_bl0.5_bo0
2025-02-03,68237.49443824713,59775.222394075194,7912.0989153098335,1360.5295555999992,0.5,0.0,LA_bl0.5_bo0
2025-02-04,64517.01718947911,61578.899470238,229.62749787461814,42.62533133332448,0.5,0.0,LA_bl0.5_bo0
2025-02-05,65775.03131918763,56372.0886268101,2804.648296580577,470.9513663666616,0.5,0.0,LA_bl0.5_bo0
2025-02-06,64026.78120577525,64502.49058373405,730.8919013229001,119.92155426666659,0.5,0.0,LA_bl0.5_bo0
2025-02-07,17961.145443754132,18573.708177513,372.64837755833145,93.13913333333284,0.5,0.0,LA_bl0.5_bo0
2025-02-08,17056.46303423544,14346.349263753998,1101.9156824591928,225.0367005666653,0.5,0.0,LA_bl0.5_bo0
2025-02-09,62345.27063614705,59247.1141228537,911.5038799510961,178.43878023333232,0.5,0.0,LA_bl0.5_bo0
2025-02-10,55779.92844578499,53528.87329416949,578.4577000780662,123.68537999999631,0.5,0.0,LA_bl0.5_bo0
2025-02-11,60782.245244272075,52688.20534698739,4342.369434307786,803.1145674666641,0.5,0.0,LA_bl0.5_bo0
2025-02-12,62440.16940596239,54067.7625842114,7014.511541403129,1295.8529985333325,0.5,0.0,LA_bl0.5_bo0
2025-02-13,52787.22815835306,51177.78524728045,442.3155737318083,87.98323849999602,0.5,0.0,LA_bl0.5_bo0
2025-02-14,15600.338319488295,14680.14483763341,0.0,0.0,0.5,0.0,LA_bl0.5_bo0
2025-02-15,16116.768504666796,15041.494098426003,620.3886456758914,185.31102419999422,0.5,0.0,LA_bl0.5_bo0
2025-02-16,58889.091313134086,56751.2168354333,2151.421657112505,400.8764391999946,0.5,0.0,LA_bl0.5_bo0
2025-02-17,55616.64626346979,55367.4919159334,1551.023517581479,263.37846699666215,0.5,0.0,LA_bl0.5_bo0
2025-02-18,55622.68653119912,45189.5500497366,246.6019269346686,49.153349666667054,0.5,0.0,LA_bl0.5_bo0
2025-02-19,58572.25014367414,46807.569782782,5636.232472507036,1062.0754375199808,0.5,0.0,LA_bl0.5_bo0
2025-02-20,53449.325775443576,52420.93750385203,988.2286276362112,187.5457558333322,0.5,0.0,LA_bl0.5_bo0
2025-02-21,14691.0907223861,14586.6007076503,0.0,0.0,0.5,0.0,LA_bl0.5_bo0
2025-02-22,15266.978643984492,14447.8017648472,33.64724087460689,6.953345913330622,0.5,0.0,LA_bl0.5_bo0
2025-02-23,52691.669124229564,50650.9496832483,532.1477556762212,117.52151393333375,0.5,0.0,LA_bl0.5_bo0
2025-02-24,49929.542796019276,48218.97829001888,1038.696396341897,210.53696029999935,0.5,0.0,LA_bl0.5_bo0
2025-02-25,49203.43423275058,46516.49923368226,1429.5531130645952,298.9181665666623,0.5,0.0,LA_bl0.5_bo0
2025-02-26,53746.962838740816,43480.334428905466,3152.79525141659,594.2473461333316,0.5,0.0,LA_bl0.5_bo0
2025-02-27,49443.24923026472,44818.2254383346,2904.65498764034,538.4866681999982,0.5,0.0,LA_bl0.5_bo0
2025-02-28,13957.242326270196,13813.92683406436,88.42556976096523,28.26730969999526,0.5,0.0,LA_bl0.5_bo0
2025-03-01,16841.077439231136,14544.5058227981,2754.7587030054565,578.571778266665,0.5,0.0,LA_bl0.5_bo0
2025-03-02,58301.42026918526,51721.050026337296,5582.001618574015,1015.7392282033303,0.5,0.0,LA_bl0.5_bo0
2025-03-03,56221.646099988204,51934.856773783,3677.9509574416516,725.8963953399993,0.5,0.0,LA_bl0.5_bo0
2025-03-04,51011.124825699,43250.5117579542,3.1064865000005213,0.6247333333334382,0.5,0.0,LA_bl0.5_bo0
2025-03-05,49598.713699482236,45569.7762425946,2739.8451308494414,512.40959176667,0.5,0.0,LA_bl0.5_bo0
2025-03-06,46046.2040231899,43849.7117052246,603.4215561711985,195.5923986666661,0.5,0.0,LA_bl0.5_bo0
2025-03-07,15026.795570138851,13964.4191289715,1641.9332148015924,408.4261981366684,0.5,0.0,LA_bl0.5_bo0
2025-03-08,14391.675830809227,12278.65004991717,566.5895085637598,170.74732419999788,0.5,0.0,LA_bl0.5_bo0
2025-03-09,44806.009915507646,44792.6922000895,0.0,0.0,0.5,0.0,LA_bl0.5_bo0
2025-03-10,51070.56122772403,44261.342646404,2358.426376365773,456.7528696333346,0.5,0.0,LA_bl0.5_bo0
2025-03-11,50647.437374842324,35452.60499215,2176.83302014532,390.944881433331,0.5,0.0,LA_bl0.5_bo0
2025-03-12,46399.15464679897,42528.8043060882,2978.1176418451205,549.4707297666555,0.5,0.0,LA_bl0.5_bo0
2025-03-13,48556.27331345335,45688.52950053279,1161.9418881988695,185.77676356666188,0.5,0.0,LA_bl0.5_bo0
2025-03-14,12340.9419632358,12356.5768226662,0.0,0.0,0.5,0.0,LA_bl0.5_bo0
2025-03-15,14371.711646876267,12061.29485809478,1901.500858921058,516.5645833999966,0.5,0.0,LA_bl0.5_bo0
2025-03-16,44515.810551661554,42664.5637802,8.081100000000493,1.6400000000001,0.5,0.0,LA_bl0.5_bo0
2025-03-17,41354.104620761245,38202.0090837616,887.8066781942474,171.61167726665704,0.5,0.0,LA_bl0.5_bo0
2025-03-18,42855.33620351522,42316.607929993006,39.16188001821453,18.165913433332435,0.5,0.0,LA_bl0.5_bo0
2025-03-19,43014.85391645535,35884.86613481074,877.1345476709203,175.07784853333072,0.5,0.0,LA_bl0.5_bo0
2025-03-20,46310.549448348655,42082.867938571006,3151.119896659354,561.9410516566511,0.5,0.0,LA_bl0.5_bo0
2025-03-21,12999.67526134223,11556.40110675645,1316.939477958706,386.25799626666253,0.5,0.0,LA_bl0.5_bo0
2025-03-22,11918.926795069448,12086.9880560509,0.0,0.0,0.5,0.0,LA_bl0.5_bo0
2025-03-23,42949.23216667844,41848.245904919,2330.2330388734395,417.6587432666678,0.5,0.0,LA_bl0.5_bo0
2025-03-24,41700.25436002832,39418.5266884138,1867.251247073318,425.0804515333292,0.5,0.0,LA_bl0.5_bo0
2025-03-25,42995.78354181436,41178.640604148706,0.0,0.0,0.5,0.0,LA_bl0.5_bo0
2025-03-26,39892.773839885696,37665.0655095478,2068.238848859402,338.1274312333308,0.5,0.0,LA_bl0.5_bo0
2025-03-27,39657.14378493018,40058.238670429,205.8314690316816,63.20092326666617,0.5,0.0,LA_bl0.5_bo0
2025-03-28,12836.460328417486,11747.619931033401,1287.591640657585,307.8521555666671,0.5,0.0,LA_bl0.5_bo0
2025-03-29,12349.444666663201,11056.56666989866,961.1502564712303,217.7859119666628,0.5,0.0,LA_bl0.5_bo0
2025-03-30,37789.84486396426,38201.179085057505,0.0,0.0,0.5,0.0,LA_bl0.5_bo0
2025-03-31,39017.987170147026,34459.925194935,484.47838051702144,92.33098353332883,0.5,0.0,LA_bl0.5_bo0
2025-04-01,44011.889182588806,39434.9449919848,398.3378395141145,60.885427866663804,0.5,0.0,LA_bl0.5_bo0
2025-04-02,43124.586298806746,38786.6569633116,2279.3028543644423,342.34047076666303,0.5,0.0,LA_bl0.5_bo0
2025-04-03,40723.496495989835,41154.49301113612,1460.920511208782,249.29875603333272,0.5,0.0,LA_bl0.5_bo0
2025-04-04,11427.192206877986,10958.758466280002,620.0796530044344,149.65117726666693,0.5,0.0,LA_bl0.5_bo0
2025-04-05,12221.531849088078,10560.5243300291,994.9693917769787,302.7464010999987,0.5,0.0,LA_bl0.5_bo0
2025-04-06,40121.53887668355,37690.4707167115,2471.7340639372064,406.3033855999984,0.5,0.0,LA_bl0.5_bo0
2025-04-07,37122.38595496792,32770.8809107956,1705.7020187881221,330.10013973333383,0.5,0.0,LA_bl0.5_bo0
2025-04-08,39729.448537795986,35261.175719387,1925.2134576285875,401.4255504333312,0.5,0.0,LA_bl0.5_bo0
2025-04-09,42151.86944178445,36649.949823568,3413.1126519505488,571.8068329999946,0.5,0.0,LA_bl0.5_bo0
2025-04-10,39062.016292868095,37046.349224577396,1728.2143904965014,296.177180599995,0.5,0.0,LA_bl0.5_bo0
2025-04-11,11399.344709888528,9992.0067758355,505.1292316597759,184.41111355666712,0.5,0.0,LA_bl0.5_bo0
2025-04-12,10649.972231936546,10375.764324290401,445.94560035444385,122.06442781666715,0.5,0.0,LA_bl0.5_bo0
2025-04-13,37277.47892699153,34743.8735967878,1216.7117267851213,208.5419321333311,0.5,0.0,LA_bl0.5_bo0
2025-04-14,37680.28436317905,36579.944607254,1905.117587349853,292.7572166499966,0.5,0.0,LA_bl0.5_bo0
2025-04-15,35953.12684753034,29684.717228350604,497.5482924366331,81.55844813333333,0.5,0.0,LA_bl0.5_bo0
2025-04-16,39424.3181753018,34089.49086574081,2377.693764085539,399.54559673333125,0.5,0.0,LA_bl0.5_bo0
2025-04-17,37607.504964309686,32520.637560677795,1893.3100040843906,289.7627799333319,0.5,0.0,LA_bl0.5_bo0
2025-04-18,10717.319401451738,10194.3533671294,86.98690874148647,26.39118276666744,0.5,0.0,LA_bl0.5_bo0
2025-04-19,10483.100129347697,9577.0790771432,40.525804715745686,9.971900766669705,0.5,0.0,LA_bl0.5_bo0
2025-04-20,34988.36753453688,32369.4700298152,186.76447451456494,28.6316839666664,0.5,0.0,LA_bl0.5_bo0
2025-04-21,35131.1403242895,33680.68258712359,2174.5494976969385,418.9265079000007,0.5,0.0,LA_bl0.5_bo0
2025-04-22,36504.910846709,29756.670468881,0.0,0.0,0.5,0.0,LA_bl0.5_bo0
2025-04-23,36735.89516914266,29689.986944113,1440.5722081445667,223.7976535999951,0.5,0.0,LA_bl0.5_bo0
2025-04-24,35303.83239441092,31091.553181588904,2932.3802377963652,450.425053533333,0.5,0.0,LA_bl0.5_bo0
2025-04-25,10265.156825761362,9446.52683829972,894.9846669431613,264.72240972266644,0.5,0.0,LA_bl0.5_bo0
2025-04-26,10716.47483169019,9322.422563461,866.3916099970401,255.64128356666401,0.5,0.0,LA_bl0.5_bo0
2025-04-27,35390.50321607535,30069.510585752698,2074.0274123387976,348.34243499999934,0.5,0.0,LA_bl0.5_bo0
2025-04-28,39878.251489081675,36174.829248783,1218.5504289421774,226.44451776666557,0.5,0.0,LA_bl0.5_bo0
2025-04-29,34584.0986322799,28638.7362610147,1099.945800059202,166.2051677333336,0.5,0.0,LA_bl0.5_bo0
2025-04-30,34889.86521106075,28136.775580650996,3837.586350931051,671.2372138666608,0.5,0.0,LA_bl0.5_bo0
2025-05-01,49849.310885153434,31620.711955552004,14191.498271213324,2772.755776666665,0.5,0.0,LA_bl0.5_bo0
2025-05-02,15576.913483347362,11697.821873915698,3599.2641809330244,843.0724188333313,0.5,0.0,LA_bl0.5_bo0
2025-05-03,16408.911759597926,10574.3871249806,5446.493776025323,1193.0452693333314,0.5,0.0,LA_bl0.5_bo0
2025-05-04,42861.162021658325,33927.72167611979,8087.211476339757,1532.336814899998,0.5,0.0,LA_bl0.5_bo0
2025-05-05,39887.44641217792,37042.5109887023,3047.938957874114,473.20118359999947,0.5,0.0,LA_bl0.5_bo0
2025-05-06,39571.72010408792,31841.434600437697,557.3949703189083,194.46276163333238,0.5,0.0,LA_bl0.5_bo0
2025-05-07,41379.213560851604,34396.224815308,2405.9131095500993,377.99540163333063,0.5,0.0,LA_bl0.5_bo0
2025-05-08,38865.92138298146,37702.42804128661,916.5383345978533,140.05781396666464,0.5,0.0,LA_bl0.5_bo0
2025-05-09,12856.824104439951,12697.5766558012,0.0,0.0,0.5,0.0,LA_bl0.5_bo0
2025-05-10,11790.484697388236,11447.925830053699,258.62474220848776,144.53812093999693,0.5,0.0,LA_bl0.5_bo0
2025-05-11,41501.68305712749,35494.711426892,3761.054039670493,550.5664093666608,0.5,0.0,LA_bl0.5_bo0
2025-05-12,38247.82159959761,31922.677338295398,654.3047299463154,114.93245033333062,0.5,0.0,LA_bl0.5_bo0
2025-05-13,39675.022142501446,33684.763879822,3601.8367847456993,565.6144132333307,0.5,0.0,LA_bl0.5_bo0
2025-05-14,37106.25523883717,33956.28784436399,1187.1289139888231,279.99061003333406,0.5,0.0,LA_bl0.5_bo0
2025-05-15,37239.0228130239,35591.267322228,61.84753150000003,28.435646666666685,0.5,0.0,LA_bl0.5_bo0
2025-05-16,12334.667732922684,11122.9177991371,1079.975324213744,407.1382597333353,0.5,0.0,LA_bl0.5_bo0
2025-05-17,13325.35784313744,10963.438582025701,1510.3061136974093,287.46513736666265,0.5,0.0,LA_bl0.5_bo0
2025-05-18,37002.995201634505,37075.8187460018,34.42846500000008,5.236666666666679,0.5,0.0,LA_bl0.5_bo0
2025-05-19,37423.582607413955,32560.398080141003,4078.9871072219526,624.7375798999956,0.5,0.0,LA_bl0.5_bo0
2025-05-20,40279.595281515,31601.171171882903,3131.6004887405475,531.1351618399926,0.5,0.0,LA_bl0.5_bo0
2025-05-21,38499.08615793698,31067.455439493104,2167.766344042934,453.10543736666637,0.5,0.0,LA_bl0.5_bo0
2025-05-22,35984.71396632461,33208.07008323305,1589.6523315100615,257.17597780000426,0.5,0.0,LA_bl0.5_bo0
2025-05-23,12542.301745960223,10608.2966522417,969.2591602934499,224.8879737999954,0.5,0.0,LA_bl0.5_bo0
2025-05-24,11895.70107034525,11099.7928596276,635.7145019440018,149.83517400000034,0.5,0.0,LA_bl0.5_bo0
2025-05-25,36247.561454535906,33164.047112670596,2062.298468985711,333.6608247999943,0.5,0.0,LA_bl0.5_bo0
2025-05-26,39943.41046452509,32228.430496227,1971.714373785203,333.0992047333312,0.5,0.0,LA_bl0.5_bo0
2025-05-27,36620.659690884895,30057.227265596397,1652.2457921886037,297.0127070999945,0.5,0.0,LA_bl0.5_bo0
2025-05-28,36364.11193440016,33041.845601073,821.0193935573611,129.1908409666655,0.5,0.0,LA_bl0.5_bo0
2025-05-29,42148.708114518166,33761.4497551963,2054.602938791614,307.87188293333287,0.5,0.0,LA_bl0.5_bo0
2025-05-30,11615.07145257316,11251.5915327693,0.0,0.0,0.5,0.0,LA_bl0.5_bo0
2025-05-31,11837.106375187761,11453.704730011399,830.4411915000106,159.91550000000206,0.5,0.0,LA_bl0.5_bo0
2025-06-01,68184.61505675619,48042.36928266139,11375.989146852928,2336.775252553332,0.5,0.0,LA_bl0.5_bo0
2025-06-02,57716.52359638647,52142.38455474895,5356.191332371035,1139.3711732999973,0.5,0.0,LA_bl0.5_bo0
2025-06-03,60755.26894660076,45787.742751464,9249.555443380603,1502.5705039333357,0.5,0.0,LA_bl0.5_bo0
2025-06-04,56574.987250526174,56105.52307061406,2461.6375390979692,422.9358757333289,0.5,0.0,LA_bl0.5_bo0
2025-06-05,55634.0659172181,49362.106643897125,2471.2808809444778,413.61360253332685,0.5,0.0,LA_bl0.5_bo0
2025-06-06,28110.979594289194,15663.8629472132,8588.350455408327,2294.8790927666673,0.5,0.0,LA_bl0.5_bo0
2025-06-07,21149.411209663842,17782.160139741798,3217.84850762902,519.527491259995,0.5,0.0,LA_bl0.5_bo0
2025-06-08,49979.2431724834,48037.2867342199,53.26724692500071,7.63549566666677,0.5,0.0,LA_bl0.5_bo0
2025-06-09,55718.14468828873,54726.54052963161,2209.87358309867,316.2640393333338,0.5,0.0,LA_bl0.5_bo0
2025-06-10,56545.43495190931,48961.12705581245,2785.9315341706406,604.1803163666647,0.5,0.0,LA_bl0.5_bo0
2025-06-11,60392.59337959529,52466.69159658669,2172.3256110900575,453.6435595999979,0.5,0.0,LA_bl0.5_bo0
2025-06-12,53542.59245731719,52753.21318992429,6.910471004999897,0.9846529999999802,0.5,0.0,LA_bl0.5_bo0
2025-06-13,18374.430563944465,18776.53008791803,0.0,0.0,0.5,0.0,LA_bl0.5_bo0
2025-06-14,19200.762127830498,17569.5849387357,1696.7861779637497,284.729799733336,0.5,0.0,LA_bl0.5_bo0
2025-06-15,53225.490995700835,48537.4302910036,321.901884275834,46.436249666666754,0.5,0.0,LA_bl0.5_bo0
2025-06-16,56236.26524204128,50740.6812287398,1149.306530609827,188.76620183333205,0.5,0.0,LA_bl0.5_bo0
2025-06-17,59466.16758658748,50770.9109313367,3462.1209268190705,674.4279005666644,0.5,0.0,LA_bl0.5_bo0
2025-06-18,54506.27309536348,50893.9181500194,77.7728983648338,11.502314333333402,0.5,0.0,LA_bl0.5_bo0
2025-06-19,54431.81354300868,47286.00921857788,1191.5100245206686,171.3671166666669,0.5,0.0,LA_bl0.5_bo0
2025-06-20,17168.541333507295,16845.1337281308,597.8280207779434,201.2492365666649,0.5,0.0,LA_bl0.5_bo0
2025-06-21,16696.380584566232,16308.224328432902,483.2259757973293,250.1707545999991,0.5,0.0,LA_bl0.5_bo0
2025-06-22,50388.39032933651,46258.14029023249,323.28575480921813,47.47599670000022,0.5,0.0,LA_bl0.5_bo0
2025-06-23,51228.94701148991,47101.36875445582,2052.0309396595885,458.7704531666719,0.5,0.0,LA_bl0.5_bo0
2025-06-24,58608.78506374868,55760.676487706296,897.7715159842309,155.69294286666604,0.5,0.0,LA_bl0.5_bo0
2025-06-25,52622.86093162813,46885.8783480285,295.17428611033495,42.523185666666905,0.5,0.0,LA_bl0.5_bo0
2025-06-26,50571.20633125121,45746.61212757991,1864.2848719929334,334.15051726666655,0.5,0.0,LA_bl0.5_bo0
2025-06-27,18597.754432132104,16307.5644332236,2859.7914806470035,526.8251416666645,0.5,0.0,LA_bl0.5_bo0
2025-06-28,16920.248000786756,15568.038502765201,1200.8606645509758,244.91085136666533,0.5,0.0,LA_bl0.5_bo0
2025-06-29,53618.219023032,45598.022372632004,1101.8950509943047,330.84095956666374,0.5,0.0,LA_bl0.5_bo0
2025-06-30,50516.4981025827,49135.1751167569,1001.6865984835001,142.279985,0.5,0.0,LA_bl0.5_bo0
2025-02-01,17755.867358262083,18291.5197346709,228.8841297565868,54.968127799996765,0.5,0.2,LA_bl0.5_bo0.2
2025-02-02,61694.99907604618,60561.6888021785,2324.6522073749875,367.13724749999807,0.5,0.2,LA_bl0.5_bo0.2
2025-02-03,68496.46736929743,60450.9425203684,7912.0989153098335,1360.5295555999992,0.5,0.2,LA_bl0.5_bo0.2
2025-02-04,64558.35610047492,62246.754289202,229.62736461341797,42.62530703332445,0.5,0.2,LA_bl0.5_bo0.2
2025-02-05,65483.550655076426,57065.990156613494,2804.648296580577,470.9513663666616,0.5,0.2,LA_bl0.5_bo0.2
2025-02-06,64425.85483927085,65183.58474266525,795.0455203328972,132.15177426666602,0.5,0.2,LA_bl0.5_bo0.2
2025-02-07,18127.509582582134,18885.390346784,372.64837755833145,93.13913333333284,0.5,0.2,LA_bl0.5_bo0.2
2025-02-08,17002.87736014729,14416.9775031215,1101.9156705497899,225.03669826666473,0.5,0.2,LA_bl0.5_bo0.2
2025-02-09,62350.2781152514,59957.49164132681,911.5038799510961,178.43878023333232,0.5,0.2,LA_bl0.5_bo0.2
2025-02-10,55697.33971226924,54198.719234575794,475.46670054370134,101.48186603333363,0.5,0.2,LA_bl0.5_bo0.2
2025-02-11,60867.14680912412,53367.62133307054,4342.369434307786,803.1145674666641,0.5,0.2,LA_bl0.5_bo0.2
2025-02-12,62040.30953833792,54759.98156609475,6314.287740603132,1172.4437985333334,0.5,0.2,LA_bl0.5_bo0.2
2025-02-13,52786.63975425958,51831.256758086696,442.3155737318083,87.98323849999602,0.5,0.2,LA_bl0.5_bo0.2
2025-02-14,15612.134958246652,14773.258571236702,0.0,0.0,0.5,0.2,LA_bl0.5_bo0.2
2025-02-15,16233.258423219246,15350.7221191559,620.3886453701947,185.3110241333282,0.5,0.2,LA_bl0.5_bo0.2
2025-02-16,59265.260651024335,57453.9932962136,2151.421674171802,400.876442299994,0.5,0.2,LA_bl0.5_bo0.2
2025-02-17,55957.134228942894,56068.22574304241,1551.023517581479,263.37846699666215,0.5,0.2,LA_bl0.5_bo0.2
2025-02-18,55284.23484009073,45851.74412583336,246.6019269346686,49.153349666667054,0.5,0.2,LA_bl0.5_bo0.2
2025-02-19,58252.17255495344,47464.399689324,5636.232490124332,1062.07544061998,0.5,0.2,LA_bl0.5_bo0.2
2025-02-20,54171.08154443173,53106.634119123235,1502.5333109138605,287.05719183333207,0.5,0.2,LA_bl0.5_bo0.2
2025-02-21,14774.545763157099,14666.1067546796,0.0,0.0,0.5,0.2,LA_bl0.5_bo0.2
2025-02-22,15229.227167631716,14553.9322461009,33.64724822987907,6.953347433329007,0.5,0.2,LA_bl0.5_bo0.2
2025-02-23,52747.43191158587,51372.6275855642,532.1477074560713,117.52150663333376,0.5,0.2,LA_bl0.5_bo0.2
2025-02-24,50275.81732614861,48843.594759098894,1031.3849665212201,209.10601096666448,0.5,0.2,LA_bl0.5_bo0.2
2025-02-25,49462.34017471336,47162.0720662409,1416.5068659984377,296.27802752666275,0.5,0.2,LA_bl0.5_bo0.2
2025-02-26,53448.757546367684,44077.24861446781,3152.795256316642,594.2473470333318,0.5,0.2,LA_bl0.5_bo0.2
2025-02-27,49395.71241540591,45427.32576235799,2904.6549410333428,538.4866612333319,0.5,0.2,LA_bl0.5_bo0.2
2025-02-28,13951.38019635897,13876.0412318356,88.42556976096915,28.267309699996282,0.5,0.2,LA_bl0.5_bo0.2
2025-03-01,17009.125924615088,14843.545018451001,2754.7587030054565,578.571778266665,0.5,0.2,LA_bl0.5_bo0.2
2025-03-02,58356.14245143446,52437.151582443,5582.00162046386,1015.7392285033296,0.5,0.2,LA_bl0.5_bo0.2
2025-03-03,56505.58172671026,52692.46488064001,3679.2028817002038,726.1168048399998,0.5,0.2,LA_bl0.5_bo0.2
2025-03-04,50707.67882376931,43884.890453169595,3.1064865000005213,0.6247333333334382,0.5,0.2,LA_bl0.5_bo0.2
2025-03-05,49862.327246353445,46251.701839127,2679.150828869441,501.1707017666699,0.5,0.2,LA_bl0.5_bo0.2
2025-03-06,46347.981865281996,44491.757590479,603.4215879649946,195.59240339999883,0.5,0.2,LA_bl0.5_bo0.2
2025-03-07,15090.816489294451,14080.7881941187,1637.4314092815926,407.08477813666843,0.5,0.2,LA_bl0.5_bo0.2
2025-03-08,14346.846260328208,12343.1487005809,566.5895108251079,170.74732489999732,0.5,0.2,LA_bl0.5_bo0.2
2025-03-09,44862.37288244125,45450.7602458695,0.0,0.0,0.5,0.2,LA_bl0.5_bo0.2
2025-03-10,50811.06201248397,44936.213821312,2358.426376365773,456.7528696333346,0.5,0.2,LA_bl0.5_bo0.2
2025-03-11,50383.19636331183,35972.371615674,2176.8330201453246,390.9448814333318,0.5,0.2,LA_bl0.5_bo0.2
2025-03-12,46536.63358506677,43148.518863839796,2977.162645157622,549.3006047666557,0.5,0.2,LA_bl0.5_bo0.2
2025-03-13,48647.422832962875,46381.94004600019,1161.9419096355507,185.77676689999748,0.5,0.2,LA_bl0.5_bo0.2
2025-03-14,12343.856319356,12423.687134664,0.0,0.0,0.5,0.2,LA_bl0.5_bo0.2
2025-03-15,14280.648006958509,12110.710158055499,1823.1572287759107,490.45770969999774,0.5,0.2,LA_bl0.5_bo0.2
2025-03-16,44500.1568892538,43292.2679606775,8.081100000000493,1.6400000000001,0.5,0.2,LA_bl0.5_bo0.2
2025-03-17,41418.58274637405,38709.721065852005,887.8066781942474,171.61167726665704,0.5,0.2,LA_bl0.5_bo0.2
2025-03-18,43125.82344199442,42977.0166094875,39.161868182264485,18.165908533332413,0.5,0.2,LA_bl0.5_bo0.2
2025-03-19,42722.91627202791,36403.898691159,877.1345476709203,175.07784853333072,0.5,0.2,LA_bl0.5_bo0.2
2025-03-20,46467.44319995283,42714.25026018265,3151.1199134902577,561.9410542033229,0.5,0.2,LA_bl0.5_bo0.2
2025-03-21,13003.421175067577,11617.55993123724,1318.751367528706,386.25799626666264,0.5,0.2,LA_bl0.5_bo0.2
2025-03-22,11955.79917317985,12148.9663179657,0.0,0.0,0.5,0.2,LA_bl0.5_bo0.2
2025-03-23,43288.06060189244,42474.907644212995,2330.2330388734395,417.6587432666678,0.5,0.2,LA_bl0.5_bo0.2
2025-03-24,41791.94149551061,40032.7092611094,1867.251247073318,425.0804515333292,0.5,0.2,LA_bl0.5_bo0.2
2025-03-25,43255.37530019945,41864.391773996904,0.0,0.0,0.5,0.2,LA_bl0.5_bo0.2
2025-03-26,40118.647759164756,38153.545869954,2066.488382344804,338.05280683333115,0.5,0.2,LA_bl0.5_bo0.2
2025-03-27,39945.34221568197,40704.603626697,205.83148658767115,63.20092676666409,0.5,0.2,LA_bl0.5_bo0.2
2025-03-28,12875.078125641987,11803.6475620304,1287.591640657585,307.8521555666671,0.5,0.2,LA_bl0.5_bo0.2
2025-03-29,12350.919133007867,11102.7669639003,963.445288221217,217.78591196666025,0.5,0.2,LA_bl0.5_bo0.2
2025-03-30,38090.26306643985,38795.697851172,0.0,0.0,0.5,0.2,LA_bl0.5_bo0.2
2025-03-31,38972.588977245556,34997.822986857005,484.478407052045,92.33098749999652,0.5,0.2,LA_bl0.5_bo0.2
2025-04-01,43969.91169505372,40088.576320370004,398.232097619116,60.86939786666403,0.5,0.2,LA_bl0.5_bo0.2
2025-04-02,42990.913832639046,39446.339658767,2277.1194038782437,342.0125268666632,0.5,0.2,LA_bl0.5_bo0.2
2025-04-03,41052.288110096684,41779.85809749451,1460.920511208782,249.29875603333272,0.5,0.2,LA_bl0.5_bo0.2
2025-04-04,11488.352134306238,11011.4265231315,646.0582792594373,155.92090726666765,0.5,0.2,LA_bl0.5_bo0.2
2025-04-05,12183.889880966522,10603.927260221331,994.9693998589898,302.746403066664,0.5,0.2,LA_bl0.5_bo0.2
2025-04-06,40318.113875844705,38285.675407184,2471.7340639372064,406.3033855999984,0.5,0.2,LA_bl0.5_bo0.2
2025-04-07,36879.194135814876,33273.1701588664,1705.7020187881221,330.10013973333383,0.5,0.2,LA_bl0.5_bo0.2
2025-04-08,39961.96241416357,35810.2682960752,1924.8904642985744,401.37796043332924,0.5,0.2,LA_bl0.5_bo0.2
2025-04-09,42005.407173754546,37270.176987986,3412.8798058855486,571.7715799999946,0.5,0.2,LA_bl0.5_bo0.2
2025-04-10,39037.5075481053,37572.5746098152,1721.976563332903,295.21633229999526,0.5,0.2,LA_bl0.5_bo0.2
2025-04-11,11377.922224004607,10028.268940632799,505.1292316597759,184.41111355666712,0.5,0.2,LA_bl0.5_bo0.2
2025-04-12,10663.299378382304,10441.2134253568,445.94560035444385,122.06442781666715,0.5,0.2,LA_bl0.5_bo0.2
2025-04-13,37238.45685532392,35304.200864210994,1216.7117241227206,208.541931733331,0.5,0.2,LA_bl0.5_bo0.2
2025-04-14,37995.65871096843,37165.039958517,1905.1175642482308,292.75721309999705,0.5,0.2,LA_bl0.5_bo0.2
2025-04-15,35871.249249971326,29871.008271784805,497.5482342506192,81.55843919332965,0.5,0.2,LA_bl0.5_bo0.2
2025-04-16,39261.55578803228,34697.79952069526,2377.693764085539,399.54559673333125,0.5,0.2,LA_bl0.5_bo0.2
2025-04-17,37569.35140271901,32998.6612708694,1893.3100156278085,289.7627817000013,0.5,0.2,LA_bl0.5_bo0.2
2025-04-18,10770.51818809328,10243.8112112802,134.74429056647892,38.50773276666553,0.5,0.2,LA_bl0.5_bo0.2
2025-04-19,10439.9006794002,9625.2731552552,0.0,0.0,0.5,0.2,LA_bl0.5_bo0.2
2025-04-20,34724.767052153526,32881.905149878396,186.76447451456494,28.6316839666664,0.5,0.2,LA_bl0.5_bo0.2
2025-04-21,35409.941822901455,34212.723608843495,2174.5494976969385,418.9265079000007,0.5,0.2,LA_bl0.5_bo0.2
2025-04-22,36383.8298162382,29959.8828327066,0.0,0.0,0.5,0.2,LA_bl0.5_bo0.2
2025-04-23,36610.406880059614,29886.0029185615,1432.9706950883692,222.70642289999546,0.5,0.2,LA_bl0.5_bo0.2
2025-04-24,35319.23578310067,31308.204880013,2932.3802377963652,450.425053533333,0.5,0.2,LA_bl0.5_bo0.2
2025-04-25,10208.54272255215,9495.7015619583,826.5234590731613,248.47241972266644,0.5,0.2,LA_bl0.5_bo0.2
2025-04-26,10614.389936500942,9370.4805842421,779.2569947370424,234.87764356666457,0.5,0.2,LA_bl0.5_bo0.2
2025-04-27,35278.387052870305,30268.4637158634,2074.0274123387976,348.34243499999934,0.5,0.2,LA_bl0.5_bo0.2
2025-04-28,39758.08072443402,36879.670223425295,1213.549099492175,225.6982177666652,0.5,0.2,LA_bl0.5_bo0.2
2025-04-29,34604.42583367466,29145.57842777958,1099.945800059202,166.2051677333336,0.5,0.2,LA_bl0.5_bo0.2
2025-04-30,34762.40402875153,28313.42400193041,3832.933035069822,670.5248821233295,0.5,0.2,LA_bl0.5_bo0.2
2025-05-01,49700.40774695447,31884.626042573895,14177.116303613326,2770.5249766666657,0.5,0.2,LA_bl0.5_bo0.2
2025-05-02,15580.582485899973,11775.31880793954,3599.2641830850134,843.0724192333292,0.5,0.2,LA_bl0.5_bo0.2
2025-05-03,16366.728543901678,10635.4819748081,5446.493776025323,1193.0452693333314,0.5,0.2,LA_bl0.5_bo0.2
2025-05-04,43119.08813667093,34498.403957899995,8077.7117221147555,1530.8316648999976,0.5,0.2,LA_bl0.5_bo0.2
2025-05-05,40401.377685276886,37640.78438472909,3039.793866883115,471.9911871666638,0.5,0.2,LA_bl0.5_bo0.2
2025-05-06,39426.24459183862,32058.782847369996,557.3949461662585,194.4627551333318,0.5,0.2,LA_bl0.5_bo0.2
2025-05-07,41172.84325681501,34651.428200377006,2397.615278352503,376.78509953333116,0.5,0.2,LA_bl0.5_bo0.2
2025-05-08,39003.277163652354,38348.9399717036,921.4019577706553,140.80103266666492,0.5,0.2,LA_bl0.5_bo0.2
2025-05-09,12845.472934184949,12770.1258462548,0.0,0.0,0.5,0.2,LA_bl0.5_bo0.2
2025-05-10,11808.832946410204,11507.049391960198,258.6247420815067,144.53812086999636,0.5,0.2,LA_bl0.5_bo0.2
2025-05-11,41233.81844897849,36074.035973366,3758.6725854304914,550.2205693666606,0.5,0.2,LA_bl0.5_bo0.2
2025-05-12,37910.476764824154,32548.783279750096,652.5244632513117,114.66709533333005,0.5,0.2,LA_bl0.5_bo0.2
2025-05-13,39848.91021066995,34315.513667224404,3601.8367847456993,565.6144132333307,0.5,0.2,LA_bl0.5_bo0.2
2025-05-14,36948.05159266421,34530.973911926994,1175.1699511413594,278.2801097333321,0.5,0.2,LA_bl0.5_bo0.2
2025-05-15,37488.70360378661,36190.737981858605,61.84753150000003,28.435646666666685,0.5,0.2,LA_bl0.5_bo0.2
2025-05-16,12347.587691181034,11186.268216565799,1079.975324213744,407.1382597333353,0.5,0.2,LA_bl0.5_bo0.2
2025-05-17,13308.321282980713,11035.47514929065,1510.3061136974093,287.46513736666265,0.5,0.2,LA_bl0.5_bo0.2
2025-05-18,36933.0474328004,37705.335561422,34.42846500000008,5.236666666666679,0.5,0.2,LA_bl0.5_bo0.2
2025-05-19,37819.664486986934,33130.750314629746,4094.615878977315,627.008048666664,0.5,0.2,LA_bl0.5_bo0.2
2025-05-20,39821.51197154654,32152.706889277604,3117.604793298332,529.0418780466609,0.5,0.2,LA_bl0.5_bo0.2
2025-05-21,38423.61089080445,31286.7793761708,2164.458530717141,452.6194230666673,0.5,0.2,LA_bl0.5_bo0.2
2025-05-22,36055.510871353144,33446.3346179668,1715.0936249833376,276.25015000000064,0.5,0.2,LA_bl0.5_bo0.2
2025-05-23,12506.695805572626,10659.3458540528,925.1803563149006,196.70263419999523,0.5,0.2,LA_bl0.5_bo0.2
2025-05-24,11910.142505653961,11156.35711320626,635.7145019440018,149.83517400000034,0.5,0.2,LA_bl0.5_bo0.2
2025-05-25,36400.07676277504,33676.973113793,2043.8256245620346,331.0394476999976,0.5,0.2,LA_bl0.5_bo0.2
2025-05-26,39626.460428935985,32798.4084118775,1977.4602844152341,333.9706555000001,0.5,0.2,LA_bl0.5_bo0.2
2025-05-27,36506.89447171766,30262.0999919878,1645.5526634230587,296.0097657999951,0.5,0.2,LA_bl0.5_bo0.2
2025-05-28,36199.878881549,33589.15875159581,821.0193938911364,129.19084101666553,0.5,0.2,LA_bl0.5_bo0.2
2025-05-29,42040.16054393916,34343.9567219354,2039.2336488248113,305.5888630333325,0.5,0.2,LA_bl0.5_bo0.2
2025-05-30,11583.72028452683,11320.6136937739,0.0,0.0,0.5,0.2,LA_bl0.5_bo0.2
2025-05-31,11894.921604092671,11550.08753684222,830.4411915000106,159.91550000000206,0.5,0.2,LA_bl0.5_bo0.2
2025-06-01,68458.35610746926,48969.140542306995,11372.921689311182,2336.327873053333,0.5,0.2,LA_bl0.5_bo0.2
2025-06-02,58099.57356814832,52989.22621799394,5349.261108131039,1138.356053299998,0.5,0.2,LA_bl0.5_bo0.2
2025-06-03,60505.26393800225,46605.764402631,9249.555443380603,1502.5705039333357,0.5,0.2,LA_bl0.5_bo0.2
2025-06-04,56926.663202395765,56986.802407206764,2457.6815205251987,422.372701333333,0.5,0.2,LA_bl0.5_bo0.2
2025-06-05,55376.6986706141,50207.669146537126,2469.3334592044794,413.33214253332704,0.5,0.2,LA_bl0.5_bo0.2
2025-06-06,28127.579008202447,15810.9810054937,8588.350455408327,2294.8790927666673,0.5,0.2,LA_bl0.5_bo0.2
2025-06-07,21324.358901266067,18274.06004193176,3196.101193789025,516.1284112599958,0.5,0.2,LA_bl0.5_bo0.2
2025-06-08,50143.373065063905,48805.031915170104,53.26724692500071,7.63549566666677,0.5,0.2,LA_bl0.5_bo0.2
2025-06-09,56174.07487578146,55624.14237159461,2208.005529299655,315.92081399999824,0.5,0.2,LA_bl0.5_bo0.2
2025-06-10,56225.959947917734,49764.44262858741,2783.319059298642,603.1661568666652,0.5,0.2,LA_bl0.5_bo0.2
2025-06-11,59850.66103874394,53384.72280306979,2172.3256110900575,453.6435595999979,0.5,0.2,LA_bl0.5_bo0.2
2025-06-12,53427.45065250475,53655.7261615349,6.910471004999897,0.9846529999999802,0.5,0.2,LA_bl0.5_bo0.2
2025-06-13,18468.068558715502,18935.657328647103,0.0,0.0,0.5,0.2,LA_bl0.5_bo0.2
2025-06-14,19241.90444675005,17709.062395952802,1696.7861779637497,284.729799733336,0.5,0.2,LA_bl0.5_bo0.2
2025-06-15,52962.37191252479,49357.1138282557,330.759592292334,47.83980066666675,0.5,0.2,LA_bl0.5_bo0.2
2025-06-16,56255.08682208789,51634.6521955911,1149.3065736028334,188.76621033333328,0.5,0.2,LA_bl0.5_bo0.2
2025-06-17,59413.92168075026,51672.7317591231,3457.7620186597997,673.8270447999994,0.5,0.2,LA_bl0.5_bo0.2
2025-06-18,54465.127424423874,51776.90286049666,77.7728983648338,11.502314333333402,0.5,0.2,LA_bl0.5_bo0.2
2025-06-19,54440.8752492338,48065.99512361263,1191.5100245206686,171.3671166666669,0.5,0.2,LA_bl0.5_bo0.2
2025-06-20,17203.868249255243,16959.2006772709,597.8280207779434,201.2492365666649,0.5,0.2,LA_bl0.5_bo0.2
2025-06-21,16755.75377685413,16418.5122009406,483.2259757973293,250.1707545999991,0.5,0.2,LA_bl0.5_bo0.2
2025-06-22,50404.32438145435,47116.901303809485,322.691442802218,47.388039900000194,0.5,0.2,LA_bl0.5_bo0.2
2025-06-23,50938.54364249511,47885.343246546516,2037.497077833602,456.6974510999976,0.5,0.2,LA_bl0.5_bo0.2
2025-06-24,58745.60939568712,56695.22571047582,907.251832945627,157.62062016666528,0.5,0.2,LA_bl0.5_bo0.2
2025-06-25,52297.211228528824,47753.43113126409,295.17428611033495,42.523185666666905,0.5,0.2,LA_bl0.5_bo0.2
2025-06-26,50474.39388282598,46522.6789074688,1855.3103134225262,334.0115221666656,0.5,0.2,LA_bl0.5_bo0.2
2025-06-27,18675.198604655154,16438.116966249698,2859.7914806470035,526.8251416666645,0.5,0.2,LA_bl0.5_bo0.2
2025-06-28,16945.739796846836,15689.83242396408,1200.8606645509758,244.91085136666533,0.5,0.2,LA_bl0.5_bo0.2
2025-06-29,53265.6690690906,46375.43087808415,1101.8893261053204,330.840958566666,0.5,0.2,LA_bl0.5_bo0.2
2025-06-30,50763.556209574395,50000.917474011294,1001.6865984835001,142.279985,0.5,0.2,LA_bl0.5_bo0.2
2025-02-01,18029.874726663533,18795.100247470797,224.83505511658763,53.97375779999696,0.5,0.5,LA_bl0.5_bo0.5
2025-02-02,62197.99865414204,61561.2762297612,2324.6522073749875,367.13724749999807,0.5,0.5,LA_bl0.5_bo0.5
2025-02-03,68942.33417387362,61465.282309048795,7912.0989153098335,1360.5295555999992,0.5,0.5,LA_bl0.5_bo0.5
2025-02-04,64636.38249770867,63258.786410251996,44.43731646666683,8.384399333333363,0.5,0.5,LA_bl0.5_bo0.5
2025-02-05,65233.28402011463,58102.9491417879,2804.6482965805258,470.95136636665177,0.5,0.5,LA_bl0.5_bo0.5
2025-02-06,65028.097762190366,66205.07730120726,889.9675637828996,150.24767426666648,0.5,0.5,LA_bl0.5_bo0.5
2025-02-07,18385.216018534633,19346.274618901,372.64837755833145,93.13913333333284,0.5,0.5,LA_bl0.5_bo0.5
2025-02-08,16915.804419104395,14536.3087999269,1101.9156995465967,225.03670386666602,0.5,0.5,LA_bl0.5_bo0.5
2025-02-09,62340.55612222289,61039.9768177876,911.5038799510961,178.43878023333232,0.5,0.5,LA_bl0.5_bo0.5
2025-02-10,55683.04619921418,55212.9534382766,475.46670054370134,101.48186603333363,0.5,0.5,LA_bl0.5_bo0.5
2025-02-11,61023.70702096579,54382.7995726844,4342.369434307786,803.1145674666641,0.5,0.5,LA_bl0.5_bo0.5
2025-02-12,62085.60699813065,55771.5366645643,5815.596745408397,1082.9945215999996,0.5,0.5,LA_bl0.5_bo0.5
2025-02-13,52993.001626760095,52825.4588370176,442.3155737318083,87.98323849999602,0.5,0.5,LA_bl0.5_bo0.5
2025-02-14,15664.729768514251,14982.7288333215,0.0,0.0,0.5,0.5,LA_bl0.5_bo0.5
2025-02-15,16396.56204119879,15812.5936855744,606.3671866205905,182.2532422666606,0.5,0.5,LA_bl0.5_bo0.5
2025-02-16,59791.49989214339,58510.0037981595,2151.4216670179085,400.8764409999952,0.5,0.5,LA_bl0.5_bo0.5
2025-02-17,56482.71737193258,57116.5123894972,1551.0235175814842,263.37846699666295,0.5,0.5,LA_bl0.5_bo0.5
2025-02-18,54759.95414431607,46862.670679967705,246.6019269346686,49.153349666667054,0.5,0.5,LA_bl0.5_bo0.5
2025-02-19,57416.097719790305,48468.646858555396,5033.5590881530015,956.2379273199818,0.5,0.5,LA_bl0.5_bo0.5
2025-02-20,54752.84522874454,54159.68447528625,1667.8022708219607,319.5505348333321,0.5,0.5,LA_bl0.5_bo0.5
2025-02-21,14888.401214686548,14793.709459316498,0.0,0.0,0.5,0.5,LA_bl0.5_bo0.5
2025-02-22,15188.12208728887,14713.6654977456,33.647249681583524,6.953347733329927,0.5,0.5,LA_bl0.5_bo0.5
2025-02-23,52924.48224404045,52458.3976265487,532.1477556762002,117.52151393333057,0.5,0.5,LA_bl0.5_bo0.5
2025-02-24,50724.536945342465,49793.35646474775,1020.41778754572,206.95958196666447,0.5,0.5,LA_bl0.5_bo0.5
2025-02-25,49875.88992126712,48138.005533961,1398.023266486699,292.53754396666307,0.5,0.5,LA_bl0.5_bo0.5
2025-02-26,52990.1834733633,45000.0135464948,3152.795228005246,594.2473418333326,0.5,0.5,LA_bl0.5_bo0.5
2025-02-27,49411.66370983401,46359.77125785119,2904.654939918328,538.486661066663,0.5,0.5,LA_bl0.5_bo0.5
2025-02-28,13946.878370665272,13969.212803406299,88.42557014562165,28.26730979999693,0.5,0.5,LA_bl0.5_bo0.5
2025-03-01,17273.887782149384,15316.040950090599,2754.7587030054565,578.571778266665,0.5,0.5,LA_bl0.5_bo0.5
2025-03-02,58740.84877969308,53566.39246425297,5582.001619959898,1015.7392284233291,0.5,0.5,LA_bl0.5_bo0.5
2025-03-03,56926.96449835374,53819.21607710299,3681.0807976201995,726.4474238399989,0.5,0.5,LA_bl0.5_bo0.5
2025-03-04,50277.4395232768,44851.4344360216,3.1064865000005213,0.6247333333334382,0.5,0.5,LA_bl0.5_bo0.5
2025-03-05,49294.763893281444,47271.554203993,1536.5758219044435,284.5987517666703,0.5,0.5,LA_bl0.5_bo0.5
2025-03-06,46613.629024444985,45465.108654594995,603.4215879649946,195.59240339999883,0.5,0.5,LA_bl0.5_bo0.5
2025-03-07,15126.459417996,14265.838043251799,1555.6089410815923,382.7038281366684,0.5,0.5,LA_bl0.5_bo0.5
2025-03-08,14276.92693398736,12442.4115675738,566.5895088868101,170.74732429999796,0.5,0.5,LA_bl0.5_bo0.5
2025-03-09,45085.13086638095,46443.7292896099,0.0,0.0,0.5,0.5,LA_bl0.5_bo0.5
2025-03-10,50488.709921419024,45976.1848476446,2358.426376365773,456.7528696333346,0.5,0.5,LA_bl0.5_bo0.5
2025-03-11,50000.788101205835,36736.965066606004,2176.8330201453246,390.9448814333318,0.5,0.5,LA_bl0.5_bo0.5
2025-03-12,46644.28157169628,44121.7305800757,2978.1176424064797,549.4707298666572,0.5,0.5,LA_bl0.5_bo0.5
2025-03-13,48778.97294868689,47386.5293790418,1161.9419201395065,185.77676853332912,0.5,0.5,LA_bl0.5_bo0.5
2025-03-14,12432.8358439449,12533.482206748,0.0,0.0,0.5,0.5,LA_bl0.5_bo0.5
2025-03-15,14158.311183216934,12184.8331168578,1707.641280857982,456.01780623333275,0.5,0.5,LA_bl0.5_bo0.5
2025-03-16,44576.271391960654,44259.2981826562,8.081100000000493,1.6400000000001,0.5,0.5,LA_bl0.5_bo0.5
2025-03-17,41519.31362660276,39513.79418882521,887.8066781942474,171.61167726665704,0.5,0.5,LA_bl0.5_bo0.5
2025-03-18,43675.32125075348,43982.1868893705,39.16188001822244,18.165913433335707,0.5,0.5,LA_bl0.5_bo0.5
2025-03-19,42279.82922708791,37231.33249656099,877.1345476709203,175.07784853333072,0.5,0.5,LA_bl0.5_bo0.5
2025-03-20,46884.239758177726,43708.1679950458,3151.119881570826,561.9410492999923,0.5,0.5,LA_bl0.5_bo0.5
2025-03-21,13046.410334989207,11719.97917405,1330.5795137087066,386.25799126666266,0.5,0.5,LA_bl0.5_bo0.5
2025-03-22,12012.512196466398,12244.742628573798,0.0,0.0,0.5,0.5,LA_bl0.5_bo0.5
2025-03-23,43818.54789084544,43448.012924686,2330.2330388734395,417.6587432666678,0.5,0.5,LA_bl0.5_bo0.5
2025-03-24,42090.40880044296,40950.78933545399,1867.251247073318,425.0804515333292,0.5,0.5,LA_bl0.5_bo0.5
2025-03-25,43694.620624954114,42896.29596826421,0.0,0.0,0.5,0.5,LA_bl0.5_bo0.5
2025-03-26,40473.653382198056,38885.277918098,2062.771929588554,337.49504433333124,0.5,0.5,LA_bl0.5_bo0.5
2025-03-27,40414.13063256588,41689.759555794,205.83149260687728,63.20092796666531,0.5,0.5,LA_bl0.5_bo0.5
2025-03-28,12937.506723660714,11891.39517570346,1287.591640657585,307.8521555666671,0.5,0.5,LA_bl0.5_bo0.5
2025-03-29,12353.130855788568,11172.067392064899,966.8878467412193,217.7859119666607,0.5,0.5,LA_bl0.5_bo0.5
2025-03-30,38410.409382822494,39710.791626057995,0.0,0.0,0.5,0.5,LA_bl0.5_bo0.5
2025-03-31,38675.40744356972,35776.264313448,484.4783912202155,92.33098513332794,0.5,0.5,LA_bl0.5_bo0.5
2025-04-01,43710.21964629921,41087.242711917,398.07348477661,60.84535286666312,0.5,0.5,LA_bl0.5_bo0.5
2025-04-02,43014.97843255275,40449.8895952188,2273.844270427249,341.520617366664,0.5,0.5,LA_bl0.5_bo0.5
2025-04-03,41533.56573081371,42738.45102741085,1460.920511208782,249.29875603333272,0.5,0.5,LA_bl0.5_bo0.5
2025-04-04,11518.952064696345,11090.87132336072,622.0468624994357,150.12594726666725,0.5,0.5,LA_bl0.5_bo0.5
2025-04-05,12175.540082569636,10675.421073966001,994.969404516436,302.7464042000005,0.5,0.5,LA_bl0.5_bo0.5
2025-04-06,40642.8722185052,39197.311731748996,2471.7340639372064,406.3033855999984,0.5,0.5,LA_bl0.5_bo0.5
2025-04-07,36913.96070872441,34068.92253394742,1705.7020187881221,330.10013973333383,0.5,0.5,LA_bl0.5_bo0.5
2025-04-08,40330.545547526315,36660.4956170216,1924.4059848980737,401.3065769943281,0.5,0.5,LA_bl0.5_bo0.5
2025-04-09,41801.433440178545,38238.440549173996,3412.5305367880487,571.7187004999946,0.5,0.5,LA_bl0.5_bo0.5
2025-04-10,39071.433681257266,38385.059048178,1712.6199261349134,293.77507579999684,0.5,0.5,LA_bl0.5_bo0.5
2025-04-11,11344.021425369829,10084.0638058192,505.1292316597759,184.41111355666712,0.5,0.5,LA_bl0.5_bo0.5
2025-04-12,10722.130037006751,10547.549242404411,445.94560035444385,122.06442781666715,0.5,0.5,LA_bl0.5_bo0.5
2025-04-13,37151.73706078753,36153.33730804949,1216.7117192416345,208.54193099999475,0.5,0.5,LA_bl0.5_bo0.5
2025-04-14,38431.15383818093,38064.463107617004,1905.1175759617242,292.75721489999603,0.5,0.5,LA_bl0.5_bo0.5
2025-04-15,35788.34776974806,30558.904635669005,497.54824492455657,81.55844083332924,0.5,0.5,LA_bl0.5_bo0.5
2025-04-16,39053.60804925764,35617.542029932105,2373.992822885536,399.00293673333084,0.5,0.5,LA_bl0.5_bo0.5
2025-04-17,37681.16178875406,33780.372183546,1889.0516335878021,289.1110550333337,0.5,0.5,LA_bl0.5_bo0.5
2025-04-18,10725.47202291063,10317.9979844074,78.9758848799799,24.358701766665774,0.5,0.5,LA_bl0.5_bo0.5
2025-04-19,10435.944313765101,9697.4560516417,0.0,0.0,0.5,0.5,LA_bl0.5_bo0.5
2025-04-20,34842.994411972635,33676.4398763785,186.76447451456494,28.6316839666664,0.5,0.5,LA_bl0.5_bo0.5
2025-04-21,35783.374457785714,34980.25718956,2174.5494976969385,418.9265079000007,0.5,0.5,LA_bl0.5_bo0.5
2025-04-22,36186.6961732168,30277.720243183896,0.0,0.0,0.5,0.5,LA_bl0.5_bo0.5
2025-04-23,36458.3772194936,30188.9776889151,1417.5574915205812,220.49378959999717,0.5,0.5,LA_bl0.5_bo0.5
2025-04-24,35540.19088820102,31973.176482970302,2932.3802377963652,450.425053533333,0.5,0.5,LA_bl0.5_bo0.5
2025-04-25,10126.796315161191,9569.4636340367,723.8316262031612,224.09742972266642,0.5,0.5,LA_bl0.5_bo0.5
2025-04-26,10470.458522865638,9444.65133219764,658.4314786437085,206.0856702333311,0.5,0.5,LA_bl0.5_bo0.5
2025-04-27,35326.27591326556,30867.40063816742,2074.0274123387976,348.34243499999934,0.5,0.5,LA_bl0.5_bo0.5
2025-04-28,39621.52950220907,37969.590082897994,1215.3900122695784,226.67681486666572,0.5,0.5,LA_bl0.5_bo0.5
2025-04-29,34221.65523107465,29915.8465715002,1099.945800059202,166.2051677333336,0.5,0.5,LA_bl0.5_bo0.5
2025-04-30,34654.06322143522,28616.4234632878,3825.9530125043784,669.4563750333266,0.5,0.5,LA_bl0.5_bo0.5
2025-05-01,49726.52306048773,32666.3999744514,14155.543352213333,2767.1787766666666,0.5,0.5,LA_bl0.5_bo0.5
2025-05-02,15569.311520760955,11901.3075145198,3584.0718555915646,842.5818981333296,0.5,0.5,LA_bl0.5_bo0.5
2025-05-03,16320.319428841527,10727.1242573932,5446.493776025323,1193.0452693333314,0.5,0.5,LA_bl0.5_bo0.5
2025-05-04,43664.69950456694,35363.969470646,8063.462122334757,1528.573944899998,0.5,0.5,LA_bl0.5_bo0.5
2025-05-05,40937.69004194179,38516.276147866,3027.5762231041895,470.17619143333167,0.5,0.5,LA_bl0.5_bo0.5
2025-05-06,39194.15625721348,32392.067035556298,557.3949513455584,194.4627565666659,0.5,0.5,LA_bl0.5_bo0.5
2025-05-07,40915.97727421102,35043.041361430005,2385.1685755487624,374.96965279999677,0.5,0.5,LA_bl0.5_bo0.5
2025-05-08,39236.80165531011,39327.8932714476,921.4019577706553,140.80103266666492,0.5,0.5,LA_bl0.5_bo0.5
2025-05-09,12835.381156783202,12884.1339158843,0.0,0.0,0.5,0.5,LA_bl0.5_bo0.5
2025-05-10,11833.083227204132,11603.140904219199,258.62475871588333,144.53813003999448,0.5,0.5,LA_bl0.5_bo0.5
2025-05-11,41084.068625123866,37023.464591617,3745.0576989313618,548.2433857333278,0.5,0.5,LA_bl0.5_bo0.5
2025-05-12,38096.71215252145,33436.9489213148,646.203558774308,113.72494233332952,0.5,0.5,LA_bl0.5_bo0.5
2025-05-13,40107.35781534475,35287.4890213238,3601.8367847456993,565.6144132333307,0.5,0.5,LA_bl0.5_bo0.5
2025-05-14,36739.39921120071,35408.369605076,1159.0248549357632,275.97086333333266,0.5,0.5,LA_bl0.5_bo0.5
2025-05-15,37619.936202785604,37048.8894121896,61.84753150000003,28.435646666666685,0.5,0.5,LA_bl0.5_bo0.5
2025-05-16,12369.283737291695,11285.582320128118,1079.975324213744,407.1382597333353,0.5,0.5,LA_bl0.5_bo0.5
2025-05-17,13296.48111997229,11146.2264759598,1510.3061136974093,287.46513736666265,0.5,0.5,LA_bl0.5_bo0.5
2025-05-18,37377.1045260515,38657.75326346161,34.42846500000008,5.236666666666679,0.5,0.5,LA_bl0.5_bo0.5
2025-05-19,37975.76724100913,33796.21958244066,4094.6158789773035,627.0080486666623,0.5,0.5,LA_bl0.5_bo0.5
2025-05-20,39240.754703050276,33025.80771981237,3096.6111392142525,525.901935766661,0.5,0.5,LA_bl0.5_bo0.5
2025-05-21,38041.32020725064,32010.1151009112,2147.4500787697425,450.1203851666676,0.5,0.5,LA_bl0.5_bo0.5
2025-05-22,35832.90796164385,34175.187765579,1709.2244933233417,275.35771000000125,0.5,0.5,LA_bl0.5_bo0.5
2025-05-23,12468.85248032698,10745.2553137087,905.6326124199038,183.12187569999747,0.5,0.5,LA_bl0.5_bo0.5
2025-05-24,11934.895892647153,11251.373829137401,635.7145019440018,149.83517400000034,0.5,0.5,LA_bl0.5_bo0.5
2025-05-25,36867.66454995003,34527.56644967803,2016.1162744195155,327.1073701999949,0.5,0.5,LA_bl0.5_bo0.5
2025-05-26,38986.63437084708,33639.140916502,1977.4603351851802,333.9706631999995,0.5,0.5,LA_bl0.5_bo0.5
2025-05-27,36366.16518514769,30585.0887769879,1638.3388094606944,294.9287956999931,0.5,0.5,LA_bl0.5_bo0.5
2025-05-28,36349.47164863908,34531.79192777508,814.5668312255613,128.2242373666655,0.5,0.5,LA_bl0.5_bo0.5
2025-05-29,41532.88201948275,35206.2828285803,2014.0189172432072,301.84335923333185,0.5,0.5,LA_bl0.5_bo0.5
2025-05-30,11487.146005581779,11425.931665214179,0.0,0.0,0.5,0.5,LA_bl0.5_bo0.5
2025-05-31,11983.503143316811,11698.3791369055,830.4411915000106,159.91550000000206,0.5,0.5,LA_bl0.5_bo0.5
2025-06-01,68721.73597864225,50347.980771582894,11368.320578077228,2335.656814753332,0.5,0.5,LA_bl0.5_bo0.5
2025-06-02,58682.70669685408,54280.31000280094,5332.599200201047,1135.9154632999991,0.5,0.5,LA_bl0.5_bo0.5
2025-06-03,60325.38307387625,47828.717655618995,9249.555443380603,1502.5705039333357,0.5,0.5,LA_bl0.5_bo0.5
2025-06-04,57478.65003345076,58299.46556216816,2447.2863732059977,420.8928597333329,0.5,0.5,LA_bl0.5_bo0.5
2025-06-05,55020.49838700443,51509.49880441913,2459.222117016301,411.8707547333302,0.5,0.5,LA_bl0.5_bo0.5
2025-06-06,28144.148864947376,16040.026020737576,8580.418741533318,2293.627342766666,0.5,0.5,LA_bl0.5_bo0.5
2025-06-07,21623.28203098134,18996.6120840972,3184.879613629013,514.374491259994,0.5,0.5,LA_bl0.5_bo0.5
2025-06-08,50354.73231649261,49996.44533707981,53.26724692500071,7.63549566666677,0.5,0.5,LA_bl0.5_bo0.5
2025-06-09,56853.95614620146,56981.86924506181,2208.3225268510023,315.9208122999979,0.5,0.5,LA_bl0.5_bo0.5
2025-06-10,55769.42361311264,50953.44372756242,2783.319059298642,603.1661568666652,0.5,0.5,LA_bl0.5_bo0.5
2025-06-11,59153.0779353567,54747.76555268729,2160.0885160500534,451.33988959999715,0.5,0.5,LA_bl0.5_bo0.5
2025-06-12,54120.4850367932,55012.998823977,6.910471004999897,0.9846529999999802,0.5,0.5,LA_bl0.5_bo0.5
2025-06-13,18618.574062775526,19192.085892646144,0.0,0.0,0.5,0.5,LA_bl0.5_bo0.5
2025-06-14,19454.79488101885,18220.632476237,1696.7861779637497,284.729799733336,0.5,0.5,LA_bl0.5_bo0.5
2025-06-15,52919.094568578235,50566.5346591259,421.634561026333,60.63781066666661,0.5,0.5,LA_bl0.5_bo0.5
2025-06-16,56248.304195714634,52958.0584836716,1147.0512114028402,188.32031033333467,0.5,0.5,LA_bl0.5_bo0.5
2025-06-17,59391.9322020584,53011.1941344086,3439.0274917375004,671.2445750333306,0.5,0.5,LA_bl0.5_bo0.5
2025-06-18,54461.559018425534,53075.4424696213,77.7728983648338,11.502314333333402,0.5,0.5,LA_bl0.5_bo0.5
2025-06-19,54442.39192322183,49279.206738077555,1191.5100245206686,171.3671166666669,0.5,0.5,LA_bl0.5_bo0.5
2025-06-20,17279.673525215294,17141.576053436802,597.8280207779434,201.2492365666649,0.5,0.5,LA_bl0.5_bo0.5
2025-06-21,16856.42912560863,16586.5606140256,483.2259757973293,250.1707545999991,0.5,0.5,LA_bl0.5_bo0.5
2025-06-22,50437.67942030417,48424.90680908505,321.79995979041814,47.256102500000225,0.5,0.5,LA_bl0.5_bo0.5
2025-06-23,51418.44291660333,49051.907912250506,2015.6963490058229,453.58795713333154,0.5,0.5,LA_bl0.5_bo0.5
2025-06-24,59032.888995584275,58102.15220126832,906.5706712572323,157.48211636666633,0.5,0.5,LA_bl0.5_bo0.5
2025-06-25,52489.19581016139,49011.15161510061,295.17428611033495,42.523185666666905,0.5,0.5,LA_bl0.5_bo0.5
2025-06-26,50189.48308702158,47627.90687310214,1855.310313422532,334.0115221666664,0.5,0.5,LA_bl0.5_bo0.5
2025-06-27,18794.19214353065,16639.6003638007,2859.7914806470035,526.8251416666645,0.5,0.5,LA_bl0.5_bo0.5
2025-06-28,16991.920996164088,15879.305152215402,1200.8606645509758,244.91085136666533,0.5,0.5,LA_bl0.5_bo0.5
2025-06-29,52797.59758237594,47565.286165048645,1101.8806940973159,330.84095056666536,0.5,0.5,LA_bl0.5_bo0.5
2025-06-30,51383.89959956235,51352.716170465195,1001.6865984835001,142.279985,0.5,0.5,LA_bl0.5_bo0.5
2025-02-01,18406.82745397114,19574.286192941,218.08657023658867,52.31646779999723,0.5,1.0,LA_bl0.5_bo1
2025-02-02,63056.14169728681,63272.62493397454,2324.6522073749875,367.13724749999807,0.5,1.0,LA_bl0.5_bo1
2025-02-03,69746.95195261137,63168.1341310843,7912.0989153098335,1360.5295555999992,0.5,1.0,LA_bl0.5_bo1
2025-02-04,65458.82502796755,64942.6506859351,0.0,0.0,0.5,1.0,LA_bl0.5_bo1
2025-02-05,65241.30407159356,59822.193036927,2804.648297801565,470.9513665999863,0.5,1.0,LA_bl0.5_bo1
2025-02-06,65893.45243555667,67932.92113013286,889.9675637828996,150.24767426666648,0.5,1.0,LA_bl0.5_bo1
2025-02-07,18855.26658574663,20159.539308482,372.64837755833145,93.13913333333284,0.5,1.0,LA_bl0.5_bo1
2025-02-08,16760.60971591426,14745.919538039958,1101.9156886727908,225.0367017666649,0.5,1.0,LA_bl0.5_bo1
2025-02-09,63065.2848493464,62857.7529635118,911.5038799510961,178.43878023333232,0.5,1.0,LA_bl0.5_bo1
2025-02-10,56293.013001290296,56905.3008904451,352.0927523843684,76.59805236666705,0.5,1.0,LA_bl0.5_bo1
2025-02-11,61418.883829872124,56054.88666985066,4342.369434307786,803.1145674666641,0.5,1.0,LA_bl0.5_bo1
2025-02-12,61930.1343521526,57481.4892030098,4719.759512289295,881.4292835999992,0.5,1.0,LA_bl0.5_bo1
2025-02-13,53640.24010988254,54484.5846135123,442.3155737318083,87.98323849999602,0.5,1.0,LA_bl0.5_bo1
2025-02-14,15972.294544263963,15772.349208222082,0.0,0.0,0.5,1.0,LA_bl0.5_bo1
2025-02-15,16722.47922498106,16636.689137352245,606.3671898304349,182.2532429666594,0.5,1.0,LA_bl0.5_bo1
2025-02-16,60673.659151225605,60274.82558422636,2151.4216565622046,400.8764390999945,0.5,1.0,LA_bl0.5_bo1
2025-02-17,57352.909626266286,58859.0580746014,1551.0235175814842,263.37846699666295,0.5,1.0,LA_bl0.5_bo1
2025-02-18,53828.800677815416,48606.1465949826,246.6019269346686,49.153349666667054,0.5,1.0,LA_bl0.5_bo1
2025-02-19,57764.44651091069,50173.26343593,5636.232467127093,1062.0754365733078,0.5,1.0,LA_bl0.5_bo1
2025-02-20,55443.1973960129,55945.45509396019,1532.7960143558585,293.01558983333166,0.5,1.0,LA_bl0.5_bo1
2025-02-21,15102.27356219315,15113.9372472229,0.0,0.0,0.5,1.0,LA_bl0.5_bo1
2025-02-22,15411.280753177773,15358.141862486998,9.214024098588537,1.9041173999976309,0.5,1.0,LA_bl0.5_bo1
2025-02-23,53264.385275172404,54236.96302493819,532.147694905606,117.52150473333145,0.5,1.0,LA_bl0.5_bo1
2025-02-24,51642.33968240502,51419.8758216571,1083.2363820107203,219.25405196666452,0.5,1.0,LA_bl0.5_bo1
2025-02-25,50668.887804633894,49809.6596150469,1430.9201790395973,299.19481656666267,0.5,1.0,LA_bl0.5_bo1
2025-02-26,51537.275639074236,46608.340303664896,2074.2435028732443,395.4256468333322,0.5,1.0,LA_bl0.5_bo1
2025-02-27,50165.62270881892,47984.881499487,2904.6549450473444,538.4866618333322,0.5,1.0,LA_bl0.5_bo1
2025-02-28,14011.497653136223,14128.7175210528,88.42557014562165,28.26730979999693,0.5,1.0,LA_bl0.5_bo1
2025-03-01,17716.15068342579,16092.395333485401,2754.7587030054565,578.571778266665,0.5,1.0,LA_bl0.5_bo1
2025-03-02,59391.06358379233,55469.37583140452,5582.001622290714,1015.7392287933295,0.5,1.0,LA_bl0.5_bo1
2025-03-03,57627.81020280904,55656.4075720556,3682.5196518121966,726.7007432399985,0.5,1.0,LA_bl0.5_bo1
2025-03-04,50210.4112458729,46497.9127538744,3.1064865000005213,0.6247333333334382,0.5,1.0,LA_bl0.5_bo1
2025-03-05,50050.5520273057,48984.4144423765,1483.5782361094427,274.3586617666702,0.5,1.0,LA_bl0.5_bo1
2025-03-06,47052.33730424044,47132.2611693019,603.4215879649946,195.59240339999883,0.5,1.0,LA_bl0.5_bo1
2025-03-07,15494.548468386602,14946.155391118,1555.6089410815923,382.7038281366684,0.5,1.0,LA_bl0.5_bo1
2025-03-08,14228.574684319912,12615.9803389499,566.5894985492114,170.74732109999843,0.5,1.0,LA_bl0.5_bo1
2025-03-09,45862.283461666055,48101.802802437305,0.0,0.0,0.5,1.0,LA_bl0.5_bo1
2025-03-10,50689.71169271553,47754.1514481248,2358.426384712976,456.75287123333516,0.5,1.0,LA_bl0.5_bo1
2025-03-11,49287.31969810772,38184.836614496395,2176.8330201453246,390.9448814333318,0.5,1.0,LA_bl0.5_bo1
2025-03-12,47397.19091080846,45762.45051175797,2978.117643678873,549.4707300933238,0.5,1.0,LA_bl0.5_bo1
2025-03-13,49255.41571517328,49104.440526671504,1161.9418881988797,185.77676356666348,0.5,1.0,LA_bl0.5_bo1
2025-03-14,12566.053727348606,12729.71227439518,0.0,0.0,0.5,1.0,LA_bl0.5_bo1
2025-03-15,14145.00041534173,12313.2366086504,1698.4224308505804,456.0178073333325,0.5,1.0,LA_bl0.5_bo1
2025-03-16,44954.34919762861,45914.8347732351,8.081100000000493,1.6400000000001,0.5,1.0,LA_bl0.5_bo1
2025-03-17,41104.37629727311,41013.97032307557,887.8066781942474,171.61167726665704,0.5,1.0,LA_bl0.5_bo1
2025-03-18,44533.78849152297,45697.5764032695,39.16188001822244,18.165913433335707,0.5,1.0,LA_bl0.5_bo1
2025-03-19,41558.87105192871,38647.877071172996,877.1345476709203,175.07784853333072,0.5,1.0,LA_bl0.5_bo1
2025-03-20,47401.799489548626,45372.925961555506,3151.1199270646725,561.941056133322,0.5,1.0,LA_bl0.5_bo1
2025-03-21,13108.010494997157,11925.553518847099,1330.5795185327077,386.2579932666631,0.5,1.0,LA_bl0.5_bo1
2025-03-22,12117.03479066909,12421.64047535618,0.0,0.0,0.5,1.0,LA_bl0.5_bo1
2025-03-23,44679.734273296635,45124.3788209872,2330.2330388734395,417.6587432666678,0.5,1.0,LA_bl0.5_bo1
2025-03-24,42658.97532204984,42578.887555238856,1867.251247073318,425.0804515333292,0.5,1.0,LA_bl0.5_bo1
2025-03-25,44543.082880847505,44755.60041847901,0.0,0.0,0.5,1.0,LA_bl0.5_bo1
2025-03-26,40964.67431123093,40200.74988457376,2056.449966438552,336.5131443333309,0.5,1.0,LA_bl0.5_bo1
2025-03-27,41221.73628446982,43355.628559529294,205.83145649168148,63.20092076666615,0.5,1.0,LA_bl0.5_bo1
2025-03-28,13045.369391461987,12046.186515442001,1287.591640657585,307.8521555666671,0.5,1.0,LA_bl0.5_bo1
2025-03-29,12351.634183562091,11299.0247693237,973.5712553026422,217.7859143666651,0.5,1.0,LA_bl0.5_bo1
2025-03-30,39210.13002609171,41302.47841058053,0.0,0.0,0.5,1.0,LA_bl0.5_bo1
2025-03-31,38701.60094583348,37135.348862445,484.4783742734773,92.33098259999389,0.5,1.0,LA_bl0.5_bo1
2025-04-01,44088.684673367214,42878.389516167605,397.8091432321182,60.805279866664364,0.5,1.0,LA_bl0.5_bo1
2025-04-02,43823.246697278955,42117.927742495,2268.3857317644597,340.70077076666564,0.5,1.0,LA_bl0.5_bo1
2025-04-03,42369.397891597684,44394.46868407811,1460.920511208782,249.29875603333272,0.5,1.0,LA_bl0.5_bo1
2025-04-04,11576.760947729184,11236.897374526401,582.0278207544333,140.46767726666667,0.5,1.0,LA_bl0.5_bo1
2025-04-05,12185.858891500338,10795.17070948468,994.9693821881481,302.74639876666606,0.5,1.0,LA_bl0.5_bo1
2025-04-06,41324.45967266295,40831.767607475995,2471.7340639372064,406.3033855999984,0.5,1.0,LA_bl0.5_bo1
2025-04-07,37226.48438551371,35390.28845421438,1705.7020187881221,330.10013973333383,0.5,1.0,LA_bl0.5_bo1
2025-04-08,40990.397978920424,38132.907590061295,1923.5985879851662,401.18761472632934,0.5,1.0,LA_bl0.5_bo1
2025-04-09,42385.61524965461,39858.9580328514,3387.9378168632174,567.9953515333283,0.5,1.0,LA_bl0.5_bo1
2025-04-10,39987.131606956296,39833.271184934194,1697.3957379705012,291.4300067666616,0.5,1.0,LA_bl0.5_bo1
2025-04-11,11297.097984525104,10185.50162577565,505.1292316597759,184.41111355666712,0.5,1.0,LA_bl0.5_bo1
2025-04-12,10834.999137815546,10748.232391722002,445.94560035444385,122.06442781666715,0.5,1.0,LA_bl0.5_bo1
2025-04-13,37897.084600500915,37642.874023730954,1216.7117485280442,208.5419353999962,0.5,1.0,LA_bl0.5_bo1
2025-04-14,39167.6340900307,39583.681412096004,1905.1175440749955,292.7572099999993,0.5,1.0,LA_bl0.5_bo1
2025-04-15,35708.580142593004,31772.199542110102,497.5482820230508,81.55844653333604,0.5,1.0,LA_bl0.5_bo1
2025-04-16,39396.2605112796,37222.825678217,2363.5313520855457,397.46899673333223,0.5,1.0,LA_bl0.5_bo1
2025-04-17,37419.48741778141,35100.284772172,1889.0516335878021,289.1110550333337,0.5,1.0,LA_bl0.5_bo1
2025-04-18,10667.30563822029,10446.53583942958,0.0,0.0,0.5,1.0,LA_bl0.5_bo1
2025-04-19,10424.172136793666,9821.34209597817,0.0,0.0,0.5,1.0,LA_bl0.5_bo1
2025-04-20,34775.1401209049,34986.208787972,186.76447451456494,28.6316839666664,0.5,1.0,LA_bl0.5_bo1
2025-04-21,36497.51543504921,36442.986337143,2174.5494976969385,418.9265079000007,0.5,1.0,LA_bl0.5_bo1
2025-04-22,35874.206760928406,31081.492030135298,0.0,0.0,0.5,1.0,LA_bl0.5_bo1
2025-04-23,35634.93693688111,31417.47612288504,1393.1783581763798,216.99405756666363,0.5,1.0,LA_bl0.5_bo1
2025-04-24,36097.340903649165,33338.5252324524,2932.3802377963652,450.425053533333,0.5,1.0,LA_bl0.5_bo1
2025-04-25,10037.448583762201,9692.400408945801,553.3808504331613,183.63913972266644,0.5,1.0,LA_bl0.5_bo1
2025-04-26,10301.97717721856,9578.4922473445,484.16543746370854,164.55915023333114,0.5,1.0,LA_bl0.5_bo1
2025-04-27,35201.3432890711,32143.285959753,2074.0274123387976,348.34243499999934,0.5,1.0,LA_bl0.5_bo1
2025-04-28,39854.902347826086,39669.81523262701,1222.4382385295728,227.89313486666492,0.5,1.0,LA_bl0.5_bo1
2025-04-29,34231.65385469355,31318.241722288003,1099.945800059202,166.2051677333336,0.5,1.0,LA_bl0.5_bo1
2025-04-30,34584.44310350233,29956.4488847755,3875.0078615960283,679.0297341999908,0.5,1.0,LA_bl0.5_bo1
2025-05-01,49529.78623862503,34008.755748576994,14119.588368743332,2761.6017666666667,0.5,1.0,LA_bl0.5_bo1
2025-05-02,15609.841713391352,12111.288714508199,3584.0718555915646,842.5818981333296,0.5,1.0,LA_bl0.5_bo1
2025-05-03,16232.160075739841,10894.8840479348,5352.940527704089,1182.6319856999978,0.5,1.0,LA_bl0.5_bo1
2025-05-04,44341.23135657293,36848.75437326799,8039.712768329756,1524.8110748999977,0.5,1.0,LA_bl0.5_bo1
2025-05-05,41684.42813388405,40045.326413221104,3009.189689568692,467.44477443333204,0.5,1.0,LA_bl0.5_bo1
2025-05-06,39189.03774188645,33297.0827140306,473.5099200878579,176.87345173333213,0.5,1.0,LA_bl0.5_bo1
2025-05-07,40226.49627538367,36364.270093294006,2364.4240925103654,371.9439113999972,0.5,1.0,LA_bl0.5_bo1
2025-05-08,40035.91361137687,40983.661435508606,921.4019577706656,140.80103266666652,0.5,1.0,LA_bl0.5_bo1
2025-05-09,12860.64583320465,13087.4886245549,0.0,0.0,0.5,1.0,LA_bl0.5_bo1
2025-05-10,11876.856322013622,11764.313884627598,258.6247589154244,144.53813014999508,0.5,1.0,LA_bl0.5_bo1
2025-05-11,41536.4342108675,38663.850266886,3762.8152030304973,550.8221693666615,0.5,1.0,LA_bl0.5_bo1
2025-05-12,37823.9307392762,34898.558596875206,624.88097360214,110.54673616666264,0.5,1.0,LA_bl0.5_bo1
2025-05-13,40529.086367300406,36926.259013960305,3598.1544702596984,565.0685212333306,0.5,1.0,LA_bl0.5_bo1
2025-05-14,37318.24690103136,36887.149574587,1144.093454465007,273.83521283333175,0.5,1.0,LA_bl0.5_bo1
2025-05-15,37628.96210735301,38601.14954589,61.84753150000003,28.435646666666685,0.5,1.0,LA_bl0.5_bo1
2025-05-16,12414.285086880565,11462.980542293868,1079.975324213744,407.1382597333353,0.5,1.0,LA_bl0.5_bo1
2025-05-17,13308.206373247987,11337.1675679926,1510.3061136974093,287.46513736666265,0.5,1.0,LA_bl0.5_bo1
2025-05-18,38222.7009887522,40304.527066956805,34.42846500000008,5.236666666666679,0.5,1.0,LA_bl0.5_bo1
2025-05-19,38340.24413039856,35010.4404210865,4094.615833087307,627.0080419999961,0.5,1.0,LA_bl0.5_bo1
2025-05-20,38936.18244495318,34495.021071415744,3064.1623329369463,521.0486892399924,0.5,1.0,LA_bl0.5_bo1
2025-05-21,37431.76194087061,33454.461342668,2104.479478279125,443.806750066665,0.5,1.0,LA_bl0.5_bo1
2025-05-22,36352.01801488463,35503.2311517521,1602.7577231304715,259.1687386333366,0.5,1.0,LA_bl0.5_bo1
2025-05-23,12412.766993508629,10889.7312671205,905.6326124199038,183.12187569999747,0.5,1.0,LA_bl0.5_bo1
2025-05-24,11976.897235473381,11411.46653419526,635.7145019440018,149.83517400000034,0.5,1.0,LA_bl0.5_bo1
2025-05-25,37230.769233226594,35896.47623236088,1980.86826542265,322.10552416666644,0.5,1.0,LA_bl0.5_bo1
2025-05-26,38276.86834611748,35044.6985790139,1977.4603351851802,333.9706631999995,0.5,1.0,LA_bl0.5_bo1
2025-05-27,36042.39544308204,31820.835521380603,1637.1681810798823,295.05251683332733,0.5,1.0,LA_bl0.5_bo1
2025-05-28,36826.14336166256,36185.328526565994,801.5851419147124,126.27956066666567,0.5,1.0,LA_bl0.5_bo1
2025-05-29,41214.99648217771,36869.1413129856,1977.729336108812,296.45275003333256,0.5,1.0,LA_bl0.5_bo1
2025-05-30,11527.548337203683,11619.938471338528,0.0,0.0,0.5,1.0,LA_bl0.5_bo1
2025-05-31,12142.06262896261,11967.3789826661,830.4411915000106,159.91550000000206,0.5,1.0,LA_bl0.5_bo1
2025-06-01,69197.79141004484,52489.710554603495,11351.356844233527,2333.182704953332,0.5,1.0,LA_bl0.5_bo1
2025-06-02,59679.69611598943,56471.18451589165,5287.6905797710415,1129.3373732999983,0.5,1.0,LA_bl0.5_bo1
2025-06-03,60126.81489287266,49841.260587603,9246.69408778301,1502.1734243333362,0.5,1.0,LA_bl0.5_bo1
2025-06-04,58472.56748301425,60533.41111628116,2424.8468327399905,417.69839173333185,0.5,1.0,LA_bl0.5_bo1
2025-06-05,55616.88629896686,53746.63989277313,2403.9632103162357,403.8842094666638,0.5,1.0,LA_bl0.5_bo1
2025-06-06,28468.428063679443,17067.573791525196,8541.413148483327,2287.4716427666676,0.5,1.0,LA_bl0.5_bo1
2025-06-07,22314.043567194338,20287.380861455196,3166.1769800290153,511.4512912599944,0.5,1.0,LA_bl0.5_bo1
2025-06-08,50621.44970022471,51999.133494651905,53.26724692500071,7.63549566666677,0.5,1.0,LA_bl0.5_bo1
2025-06-09,57974.15919877823,59219.18447603544,2208.8508705784125,315.92081149999933,0.5,1.0,LA_bl0.5_bo1
2025-06-10,55474.70827320882,53121.69418276142,2783.554988506889,603.1661623666648,0.5,1.0,LA_bl0.5_bo1
2025-06-11,57835.67792912934,57054.976759167694,218.16764333339984,80.3825395999996,0.5,1.0,LA_bl0.5_bo1
2025-06-12,55284.31580326759,57298.64235844669,6.910471004999897,0.9846529999999802,0.5,1.0,LA_bl0.5_bo1
2025-06-13,19081.2487493296,20036.4439934803,0.0,0.0,0.5,1.0,LA_bl0.5_bo1
2025-06-14,19872.64642946555,19394.030655737,1696.7861779637497,284.729799733336,0.5,1.0,LA_bl0.5_bo1
2025-06-15,52799.1535931024,52605.291198686566,251.65275133983357,36.5093086666667,0.5,1.0,LA_bl0.5_bo1
2025-06-16,56253.277773676076,55134.5258509073,1126.779232970816,184.31240633332987,0.5,1.0,LA_bl0.5_bo1
2025-06-17,59522.18954031689,55299.65083591021,3436.4928973325777,670.4198279999964,0.5,1.0,LA_bl0.5_bo1
2025-06-18,54659.30766081968,55269.5150664512,77.7728983648338,11.502314333333402,0.5,1.0,LA_bl0.5_bo1
2025-06-19,54427.69868236872,51376.656248294996,1191.5100245206686,171.3671166666669,0.5,1.0,LA_bl0.5_bo1
2025-06-20,17457.82378614724,17460.0358918707,597.8280207779434,201.2492365666649,0.5,1.0,LA_bl0.5_bo1
2025-06-21,17025.17074521918,16876.9737394837,483.2259757973293,250.1707545999991,0.5,1.0,LA_bl0.5_bo1
2025-06-22,50394.31686272227,50525.68591832187,320.31416477401893,47.03620830000034,0.5,1.0,LA_bl0.5_bo1
2025-06-23,52425.092247950015,51117.5015270923,1987.2599827657077,449.5319282666675,0.5,1.0,LA_bl0.5_bo1
2025-06-24,59844.183924308825,60470.4704139014,906.5706909292309,157.48212036666607,0.5,1.0,LA_bl0.5_bo1
2025-06-25,52879.58219684849,51154.3299356018,295.17428611033495,42.523185666666905,0.5,1.0,LA_bl0.5_bo1
2025-06-26,50501.3342681916,49652.00442011516,1855.3103134225375,334.0115221666672,0.5,1.0,LA_bl0.5_bo1
2025-06-27,19028.399532095806,17027.811450398,2859.7914806470035,526.8251416666645,0.5,1.0,LA_bl0.5_bo1
2025-06-28,17068.136434417906,16208.863120901302,1200.8606645509758,244.91085136666533,0.5,1.0,LA_bl0.5_bo1
2025-06-29,53218.12047262736,49621.763405337944,1095.7538959859098,329.8979183666645,0.5,1.0,LA_bl0.5_bo1
2025-06-30,52463.90988857615,53592.5168494798,1001.6865984835001,142.279985,0.5,1.0,LA_bl0.5_bo1
2025-02-01,17336.86576230445,17988.1619520854,0.0,0.0,1.0,0.0,LA_bl1_bo0
2025-02-02,61515.50554947702,59893.4371590499,2325.7324244049923,367.3076824999988,1.0,0.0,LA_bl1_bo0
2025-02-03,66974.31590671213,59775.222394075194,6356.552394529839,1069.3270141999953,1.0,0.0,LA_bl1_bo0
2025-02-04,64290.8295181891,61578.899470238,0.0,0.0,1.0,0.0,LA_bl1_bo0
2025-02-05,65884.30118019467,56372.0886219511,2087.2144837334195,333.8533703333336,1.0,0.0,LA_bl1_bo0
2025-02-06,63479.75548821162,64502.49058373405,558.336787887802,88.06626930000027,1.0,0.0,LA_bl1_bo0
2025-02-07,18009.409048053683,18573.697546773,372.64837755833145,93.13913333333284,1.0,0.0,LA_bl1_bo0
2025-02-08,16756.43523943591,14346.349263753998,687.9803460636599,141.6862235666653,1.0,0.0,LA_bl1_bo0
2025-02-09,63022.84888711109,59247.08215289371,908.6964726734475,177.8854477733295,1.0,0.0,LA_bl1_bo0
2025-02-10,55593.69355976506,53528.87329416949,308.23033978366834,68.00300266666704,1.0,0.0,LA_bl1_bo0
2025-02-11,60014.75973736006,52688.151532827396,3042.2595005012663,565.7664751999969,1.0,0.0,LA_bl1_bo0
2025-02-12,61096.17821588951,54067.6875581114,5768.738966813856,1074.4110810666648,1.0,0.0,LA_bl1_bo0
2025-02-13,53068.5996390572,51177.70269778045,398.89486207514545,79.40942989999658,1.0,0.0,LA_bl1_bo0
2025-02-14,15653.063107357995,14680.14483763341,0.0,0.0,1.0,0.0,LA_bl1_bo0
2025-02-15,16007.700104906804,15041.397940386003,417.277620448317,140.97286886666666,1.0,0.0,LA_bl1_bo0
2025-02-16,57305.084629981626,56751.2168354333,697.6541096182893,133.77319446666348,1.0,0.0,LA_bl1_bo0
2025-02-17,55329.32088315986,55367.4919159334,1541.7193677917114,261.72053753999,1.0,0.0,LA_bl1_bo0
2025-02-18,55684.61215474697,45189.5500497366,231.89954906266854,46.26826766666704,1.0,0.0,LA_bl1_bo0
2025-02-19,57853.572770307976,46807.310972962,4153.245818204727,801.7860676433138,1.0,0.0,LA_bl1_bo0
2025-02-20,53247.66768834093,52420.93750385203,483.66444365641814,91.51284050333322,1.0,0.0,LA_bl1_bo0
2025-02-21,14670.1279794203,14586.411926512299,0.0,0.0,1.0,0.0,LA_bl1_bo0
2025-02-22,15354.272845824751,14447.5674601172,0.0,0.0,1.0,0.0,LA_bl1_bo0
2025-02-23,53192.40919858163,50650.6903786083,514.0254508187825,114.01623239999961,1.0,0.0,LA_bl1_bo0
2025-02-24,50012.55469697727,48218.97829001888,1038.6963963418864,210.53696029999776,1.0,0.0,LA_bl1_bo0
2025-02-25,48911.67320467177,46516.49923368226,1057.073066276841,223.1744571000011,1.0,0.0,LA_bl1_bo0
2025-02-26,53450.208169321166,43480.334428905466,2158.472685374738,410.9568478333311,1.0,0.0,LA_bl1_bo0
2025-02-27,48589.32278891919,44818.2254383346,1619.2437663450805,298.23232296666606,1.0,0.0,LA_bl1_bo0
2025-02-28,13960.46115835936,13813.92683406436,0.0,0.0,1.0,0.0,LA_bl1_bo0
2025-03-01,16688.499010093918,14531.6900494211,2706.423385594369,578.5717784666671,1.0,0.0,LA_bl1_bo0
2025-03-02,58588.37543515807,51721.050026337296,5582.001638081465,1015.7392312999966,1.0,0.0,LA_bl1_bo0
2025-03-03,54987.370243080906,51934.856773783,2417.308977637503,498.7953947333308,1.0,0.0,LA_bl1_bo0
2025-03-04,51230.82755425155,43250.5117579542,3.1064865000005213,0.6247333333334382,1.0,0.0,LA_bl1_bo0
2025-03-05,48180.529658131985,45569.7762425946,1602.463386808184,297.36321526666876,1.0,0.0,LA_bl1_bo0
2025-03-06,46449.5949481884,43849.7117052246,603.4215561711985,195.5923986666661,1.0,0.0,LA_bl1_bo0
2025-03-07,14956.966886456385,13964.4191289715,1577.7208220533344,408.4261932666668,1.0,0.0,LA_bl1_bo0
2025-03-08,14338.217211129859,12278.65004991717,363.97183198869425,105.93121219999799,1.0,0.0,LA_bl1_bo0
2025-03-09,45229.943008942595,44792.110728549495,0.0,0.0,1.0,0.0,LA_bl1_bo0
2025-03-10,50999.70676780088,44269.567994204,1501.3715388346845,282.4500706999974,1.0,0.0,LA_bl1_bo0
2025-03-11,49804.48898781844,35452.60499215,1094.192375422432,202.83319889999675,1.0,0.0,LA_bl1_bo0
2025-03-12,45801.82638046231,42528.5004199782,2068.386810891915,388.3459413666547,1.0,0.0,LA_bl1_bo0
2025-03-13,49019.879779399846,45688.023200882795,1153.1985424044756,184.41720116666284,1.0,0.0,LA_bl1_bo0
2025-03-14,12427.6670777787,12356.5768226662,0.0,0.0,1.0,0.0,LA_bl1_bo0
2025-03-15,14266.856235302817,12060.40816904878,1673.818140621308,452.75139456666466,1.0,0.0,LA_bl1_bo0
2025-03-16,45010.22110056025,42664.5637802,8.081100000000493,1.6400000000001,1.0,0.0,LA_bl1_bo0
2025-03-17,41681.082300590126,38199.750014341604,834.479034945421,164.18820283332514,1.0,0.0,LA_bl1_bo0
2025-03-18,43054.69289162743,42316.979479453,24.28662272842831,11.841356766664216,1.0,0.0,LA_bl1_bo0
2025-03-19,42703.059812482614,35884.86613481074,0.0,0.0,1.0,0.0,LA_bl1_bo0
2025-03-20,45126.79630308265,42078.297480371,2012.1638762231485,353.16998989999047,1.0,0.0,LA_bl1_bo0
2025-03-21,13026.362595379487,11556.40110675645,1239.5564705973143,361.0995332333325,1.0,0.0,LA_bl1_bo0
2025-03-22,11940.6807939822,12086.9880560509,0.0,0.0,1.0,0.0,LA_bl1_bo0
2025-03-23,43328.17478617593,41842.202969538004,2251.7341332484307,405.20749326666646,1.0,0.0,LA_bl1_bo0
2025-03-24,41132.320564071546,39418.690363622794,863.3761523126495,222.22192859999495,1.0,0.0,LA_bl1_bo0
2025-03-25,42923.490524356646,41179.0043274067,0.0,0.0,1.0,0.0,LA_bl1_bo0
2025-03-26,40124.168843020714,37657.6906513438,1961.694494282411,321.1962916333324,1.0,0.0,LA_bl1_bo0
2025-03-27,39812.879705123494,40059.182420228,138.67226490199133,46.311329599997656,1.0,0.0,LA_bl1_bo0
2025-03-28,12783.366358828987,11748.5275477184,1203.6877210825853,287.7914455666671,1.0,0.0,LA_bl1_bo0
2025-03-29,12243.752958895622,11057.65871069866,799.8364084103524,196.09938126666293,1.0,0.0,LA_bl1_bo0
2025-03-30,37414.5106407282,38203.0804483435,0.0,0.0,1.0,0.0,LA_bl1_bo0
2025-03-31,39076.45293072218,34449.712624244,330.7696363466834,69.35337023333064,1.0,0.0,LA_bl1_bo0
2025-04-01,44047.65170149587,39438.144892253804,223.59028849877026,34.39447796666468,1.0,0.0,LA_bl1_bo0
2025-04-02,43588.20826837056,38790.4218759646,2110.617883608455,317.00478876666494,1.0,0.0,LA_bl1_bo0
2025-04-03,40725.51634675988,41158.568667353116,1257.8004700372744,220.00330046666255,1.0,0.0,LA_bl1_bo0
2025-04-04,11246.16637723633,10961.993211518002,407.56384724442745,98.36221726666525,1.0,0.0,LA_bl1_bo0
2025-04-05,12167.195171521256,10564.0571117531,856.7455136788565,269.11119533333067,1.0,0.0,LA_bl1_bo0
2025-04-06,40320.75707201616,37696.1697797675,2244.7637591924617,371.6699370999992,1.0,0.0,LA_bl1_bo0
2025-04-07,37399.947062711406,32776.9249225574,1458.932605023103,293.12816973333094,1.0,0.0,LA_bl1_bo0
2025-04-08,38103.60361279099,35268.04014904999,610.4295206672954,151.96434906666624,1.0,0.0,LA_bl1_bo0
2025-04-09,42431.79486915672,36656.762933023994,3213.5200316637306,541.5884196333303,1.0,0.0,LA_bl1_bo0
2025-04-10,39226.548489792614,37053.68126892339,1497.130407278521,260.581989099998,1.0,0.0,LA_bl1_bo0
2025-04-11,11314.497176239212,9998.358387730499,328.3047227514987,140.7075769999995,1.0,0.0,LA_bl1_bo0
2025-04-12,10542.636763809463,10382.0705691734,277.4647453443146,76.86500326666601,1.0,0.0,LA_bl1_bo0
2025-04-13,37151.43181252181,34753.1912335181,918.0660529547201,163.67329123333093,1.0,0.0,LA_bl1_bo0
2025-04-14,36893.12784226004,36588.916222975,1605.9043585416382,246.77746577666358,1.0,0.0,LA_bl1_bo0
2025-04-15,35351.307563904855,29694.416060005602,176.7260034057006,32.26563273332833,1.0,0.0,LA_bl1_bo0
2025-04-16,39910.812803971225,34099.680684755804,2032.6182002855294,348.94800673332986,1.0,0.0,LA_bl1_bo0
2025-04-17,37864.754123871,32531.1214684048,1553.2113836843967,237.71217993333283,1.0,0.0,LA_bl1_bo0
2025-04-18,10707.409099860799,10203.1982390944,0.0,0.0,1.0,0.0,LA_bl1_bo0
2025-04-19,10559.190938323,9573.1521480702,0.0,0.0,1.0,0.0,LA_bl1_bo0
2025-04-20,35398.96020547055,32375.209585576198,0.0,0.0,1.0,0.0,LA_bl1_bo0
2025-04-21,34896.45153128023,33681.4067234306,1808.94947941693,361.78364789999944,1.0,0.0,LA_bl1_bo0
2025-04-22,36334.215037108195,29768.706831933,0.0,0.0,1.0,0.0,LA_bl1_bo0
2025-04-23,36894.21186322396,29669.057657915,1066.038217314591,170.03164859999856,1.0,0.0,LA_bl1_bo0
2025-04-24,35282.88903824972,31104.4996324109,2517.615011546369,388.9328035333335,1.0,0.0,LA_bl1_bo0
2025-04-25,10194.83996596223,9456.37503699572,766.7567965749614,234.28617179999853,1.0,0.0,LA_bl1_bo0
2025-04-26,10826.11004942279,9332.615285909,866.3916099970401,255.64128356666401,1.0,0.0,LA_bl1_bo0
2025-04-27,35217.74622085692,30082.572373083698,1648.452428295919,283.47314393333085,1.0,0.0,LA_bl1_bo0
2025-04-28,40126.89430972278,36190.600519314,799.3660416971811,163.89368776666612,1.0,0.0,LA_bl1_bo0
2025-04-29,34338.51034335392,28651.6805584057,670.9109289049752,101.37668916666291,1.0,0.0,LA_bl1_bo0
2025-04-30,33901.23991786164,28150.841704679,2693.2407995609365,468.8939094666613,1.0,0.0,LA_bl1_bo0
2025-05-01,49901.54885917911,31635.738275612,13810.422634173308,2713.646789999996,1.0,0.0,LA_bl1_bo0
2025-05-02,15351.08333602317,11710.064677860699,3235.083250269023,775.3807960333312,1.0,0.0,LA_bl1_bo0
2025-05-03,16234.540242313873,10586.4211060126,5109.9705184377635,1125.2286067333325,1.0,0.0,LA_bl1_bo0
2025-05-04,42442.3208690645,33943.760805596794,7687.796178696448,1470.8931382333349,1.0,0.0,LA_bl1_bo0
2025-05-05,39729.65105989639,37058.686710265305,2727.579033593579,425.6100190333301,1.0,0.0,LA_bl1_bo0
2025-05-06,39687.706512475685,31857.4523445597,204.71518179153608,88.20385103333453,1.0,0.0,LA_bl1_bo0
2025-05-07,41454.789201628875,34412.827279464,1993.4653418463813,317.83674239999965,1.0,0.0,LA_bl1_bo0
2025-05-08,38892.8280299218,37719.0285174706,475.54781521865766,72.6692871666653,1.0,0.0,LA_bl1_bo0
2025-05-09,12989.81325593954,12711.3953721992,0.0,0.0,1.0,0.0,LA_bl1_bo0
2025-05-10,11755.234130696554,11431.845893518697,138.43553396273026,74.26811559999825,1.0,0.0,LA_bl1_bo0
2025-05-11,41861.29473211931,35510.13018793,3310.5910441583083,485.149186666663,1.0,0.0,LA_bl1_bo0
2025-05-12,38417.653941136254,31938.6072202644,222.41014614095417,46.02188103333076,1.0,0.0,LA_bl1_bo0
2025-05-13,39624.78228463056,33700.871549179996,3144.866334645907,497.8699242999985,1.0,0.0,LA_bl1_bo0
2025-05-14,37278.21388850639,33971.87394596399,762.4871237396148,219.2537452333329,1.0,0.0,LA_bl1_bo0
2025-05-15,37793.6439261,35607.080794559995,61.84753150000003,28.435646666666685,1.0,0.0,LA_bl1_bo0
2025-05-16,12089.577115328308,11122.3220517091,757.118681574307,335.67985953333476,1.0,0.0,LA_bl1_bo0
2025-05-17,13021.2686822045,10975.5110784647,1092.413657329299,215.82643366666093,1.0,0.0,LA_bl1_bo0
2025-05-18,37647.51943677284,37092.174202248796,34.42846500000008,5.236666666666679,1.0,0.0,LA_bl1_bo0
2025-05-19,37179.621638033175,32540.312273341002,3595.831711617922,554.5472122666649,1.0,0.0,LA_bl1_bo0
2025-05-20,40146.42889693672,31616.474062211906,2707.0920696286616,467.6430261666624,1.0,0.0,LA_bl1_bo0
2025-05-21,38758.82000223587,31082.628882358098,1707.803868212796,385.52352789999895,1.0,0.0,LA_bl1_bo0
2025-05-22,36017.85116945856,33223.79644509605,1261.2973743521893,207.2474509000009,1.0,0.0,LA_bl1_bo0
2025-05-23,12332.554193273514,10619.230513127699,570.7713016413168,133.7073539999954,1.0,0.0,LA_bl1_bo0
2025-05-24,11697.429887071718,11112.0800575986,334.66366470166815,77.92954000000036,1.0,0.0,LA_bl1_bo0
2025-05-25,36292.425117921244,33180.532905704604,1606.2480496795401,268.9452835333317,1.0,0.0,LA_bl1_bo0
2025-05-26,40019.7669428072,32244.883495469,1497.7788026501958,261.2199947333301,1.0,0.0,LA_bl1_bo0
2025-05-27,36224.66132223963,30074.1886572364,562.4619561212356,90.93156223333091,1.0,0.0,LA_bl1_bo0
2025-05-28,36673.05686810932,33056.57714174301,389.7567373381584,64.58704256666508,1.0,0.0,LA_bl1_bo0
2025-05-29,42483.46505332556,33776.9925880103,1617.6060724856147,242.95850409999963,1.0,0.0,LA_bl1_bo0
2025-05-30,11742.057806018149,11263.6252920853,0.0,0.0,1.0,0.0,LA_bl1_bo0
2025-05-31,11768.35176989901,11432.8694953694,727.4466828450104,140.08216500000202,1.0,0.0,LA_bl1_bo0
2025-06-01,67793.52508812306,48032.678786600394,10903.775547834677,2258.4329255199946,1.0,0.0,LA_bl1_bo0
2025-06-02,57478.30636583683,52158.98253594594,4896.6697766159405,1072.0617319999983,1.0,0.0,LA_bl1_bo0
2025-06-03,61175.24799839834,45804.727924664,8708.413607120538,1431.4885023999977,1.0,0.0,LA_bl1_bo0
2025-06-04,56631.18146297151,56122.93340951906,2031.238052808503,359.56284040000037,1.0,0.0,LA_bl1_bo0
2025-06-05,56087.99838820875,49379.22463351012,1990.6426882145638,344.1471777999963,1.0,0.0,LA_bl1_bo0
2025-06-06,27670.06113111801,15676.600576258199,8141.17216676936,2224.307280466665,1.0,0.0,LA_bl1_bo0
2025-06-07,20926.120627502576,17794.668858130797,2784.7908978654323,451.8410877333324,1.0,0.0,LA_bl1_bo0
2025-06-08,49677.397784463006,48053.4027676019,53.26724692500071,7.63549566666677,1.0,0.0,LA_bl1_bo0
2025-06-09,55789.28724639971,54709.041008487606,1911.0701786936586,273.9724159999988,1.0,0.0,LA_bl1_bo0
2025-06-10,57062.108058725,48976.05300818846,2553.559269889794,570.6019832666655,1.0,0.0,LA_bl1_bo0
2025-06-11,59740.02413806533,52481.59551894468,218.16764333339984,80.3825395999996,1.0,0.0,LA_bl1_bo0
2025-06-12,54528.06607120639,52730.300999172294,6.910471004999897,0.9846529999999802,1.0,0.0,LA_bl1_bo0
2025-06-13,18456.708914441067,18765.48484345003,0.0,0.0,1.0,0.0,LA_bl1_bo0
2025-06-14,18868.612396013363,17573.1310771077,1280.1002160602102,217.2338959666656,1.0,0.0,LA_bl1_bo0
2025-06-15,54218.57097885445,48553.330924666596,321.901884275834,46.436249666666754,1.0,0.0,LA_bl1_bo0
2025-06-16,56602.458763503426,50721.4061415028,841.5357391258316,128.773921333333,1.0,0.0,LA_bl1_bo0
2025-06-17,60122.93015369238,50786.648177767696,2963.756970044231,605.5377488666659,1.0,0.0,LA_bl1_bo0
2025-06-18,55369.29829087849,50909.8243012254,77.7728983648338,11.502314333333402,1.0,0.0,LA_bl1_bo0
2025-06-19,54685.68525720742,47293.32112445087,1189.9528238151681,171.14545366666687,1.0,0.0,LA_bl1_bo0
2025-06-20,16989.74721544691,16832.8275381958,296.4641145766111,132.86221656666507,1.0,0.0,LA_bl1_bo0
2025-06-21,16875.265698678384,16320.338087895901,478.36300009693247,249.35774019999963,1.0,0.0,LA_bl1_bo0
2025-06-22,51552.184847918405,46243.90917012349,323.28575480921813,47.47599670000022,1.0,0.0,LA_bl1_bo0
2025-06-23,51237.898940321895,47126.87396256582,1655.561843880551,402.2249071666665,1.0,0.0,LA_bl1_bo0
2025-06-24,59143.26823447869,55776.7437297773,669.8190959352354,110.38084586666692,1.0,0.0,LA_bl1_bo0
2025-06-25,53969.52368266549,46893.4837267825,295.1655920263347,42.52193866666687,1.0,0.0,LA_bl1_bo0
2025-06-26,51238.67088409172,45733.47582257391,1414.7009952812334,268.5482422666666,1.0,0.0,LA_bl1_bo0
2025-06-27,18210.130108005207,16318.967746907601,2440.790582381405,459.44540406666476,1.0,0.0,LA_bl1_bo0
2025-06-28,16708.279629245382,15579.8823921142,851.5757793609787,187.73071136666584,1.0,0.0,LA_bl1_bo0
2025-06-29,54371.590869706335,45613.582245522004,931.558854621626,304.40948929999456,1.0,0.0,LA_bl1_bo0
2025-06-30,51181.90359642385,49149.934567051896,936.9961415740006,133.1581510000001,1.0,0.0,LA_bl1_bo0
2025-02-01,17559.199481208198,18291.5197346709,0.0,0.0,1.0,0.2,LA_bl1_bo0.2
2025-02-02,61866.39124789597,60553.302023138494,2325.7324244049923,367.3076824999988,1.0,0.2,LA_bl1_bo0.2
2025-02-03,67232.71249943993,60450.9425203684,6356.552338284839,1069.3270041999954,1.0,0.2,LA_bl1_bo0.2
2025-02-04,64335.4813503201,62246.754289202,0.0,0.0,1.0,0.2,LA_bl1_bo0.2
2025-02-05,65565.17706938036,57065.99015175449,2087.2144837334195,333.8533703333336,1.0,0.2,LA_bl1_bo0.2
2025-02-06,63821.965487892216,65183.58474266525,558.336787887802,88.06626930000027,1.0,0.2,LA_bl1_bo0.2
2025-02-07,18197.34163427693,18885.379716043997,372.64837755833145,93.13913333333284,1.0,0.2,LA_bl1_bo0.2
2025-02-08,16698.247422799708,14416.9775031215,687.9803689996577,141.68622826666484,1.0,0.2,LA_bl1_bo0.2
2025-02-09,62872.47351099924,59957.45967136681,908.6964726734475,177.8854477733295,1.0,0.2,LA_bl1_bo0.2
2025-02-10,55563.20415806646,54198.719234575794,308.23033978366834,68.00300266666704,1.0,0.2,LA_bl1_bo0.2
2025-02-11,60089.75563902875,53367.56751891054,3042.2595005012663,565.7664751999969,1.0,0.2,LA_bl1_bo0.2
2025-02-12,60660.074230736136,54759.90653999475,5163.700117661357,963.098626066665,1.0,0.2,LA_bl1_bo0.2
2025-02-13,53069.84991721423,51831.174212711696,398.89486207514545,79.40942989999658,1.0,0.2,LA_bl1_bo0.2
2025-02-14,15664.859746116352,14773.258571236702,0.0,0.0,1.0,0.2,LA_bl1_bo0.2
2025-02-15,16117.17217533501,15350.6145149839,417.277616927961,140.97286796666512,1.0,0.2,LA_bl1_bo0.2
2025-02-16,57637.92227638583,57453.9932962136,706.4056757215899,135.40382003333045,1.0,0.2,LA_bl1_bo0.2
2025-02-17,55609.8238746785,56068.22574304241,1541.7193677917442,261.720537539995,1.0,0.2,LA_bl1_bo0.2
2025-02-18,55346.625748205086,45851.74412583336,231.89954906266854,46.26826766666704,1.0,0.2,LA_bl1_bo0.2
2025-02-19,57525.157816129635,47464.140879504004,4153.245818776832,801.7860677433147,1.0,0.2,LA_bl1_bo0.2
2025-02-20,53486.05394616954,53106.634119123235,483.66444365641814,91.51284050333322,1.0,0.2,LA_bl1_bo0.2
2025-02-21,14688.8217753691,14665.882685550601,0.0,0.0,1.0,0.2,LA_bl1_bo0.2
2025-02-22,15319.6205695916,14553.6979413709,0.0,0.0,1.0,0.2,LA_bl1_bo0.2
2025-02-23,53244.469256275086,51372.3682809242,514.0254508187825,114.01623239999961,1.0,0.2,LA_bl1_bo0.2
2025-02-24,50252.15864369018,48843.594759098894,1031.3849430102864,209.10600749999776,1.0,0.2,LA_bl1_bo0.2
2025-02-25,49177.94878334359,47162.0720662409,1057.073066276841,223.1744571000011,1.0,0.2,LA_bl1_bo0.2
2025-02-26,53151.58720407929,44077.24861446781,2158.472693975541,410.9568494333316,1.0,0.2,LA_bl1_bo0.2
2025-02-27,48437.80327106418,45427.32576235799,1619.6298401119861,298.23232380000024,1.0,0.2,LA_bl1_bo0.2
2025-02-28,13957.308721682133,13876.0412318356,7.625606530490282,4.537700999994217,1.0,0.2,LA_bl1_bo0.2
2025-03-01,16869.363268854868,14843.545018451001,2706.423385594369,578.5717784666671,1.0,0.2,LA_bl1_bo0.2
2025-03-02,58644.31183556423,52437.151582443,5582.001638081465,1015.7392312999966,1.0,0.2,LA_bl1_bo0.2
2025-03-03,55267.979459771406,52692.46488064001,2416.842346739506,499.01576013333124,1.0,0.2,LA_bl1_bo0.2
2025-03-04,50949.75790584436,43884.890453169595,3.1064865000005213,0.6247333333334382,1.0,0.2,LA_bl1_bo0.2
2025-03-05,47984.793383562195,46251.701839127,1042.3509560831928,189.31896526667043,1.0,0.2,LA_bl1_bo0.2
2025-03-06,46628.499757602694,44491.757590479,603.4215774416989,195.59240183333281,1.0,0.2,LA_bl1_bo0.2
2025-03-07,15020.987805611985,14080.7881941187,1573.2190165333345,407.08477326666684,1.0,0.2,LA_bl1_bo0.2
2025-03-08,14290.128321992142,12343.1487005809,363.97183957164276,105.93121489999749,1.0,0.2,LA_bl1_bo0.2
2025-03-09,45282.6927720884,45450.1787743295,0.0,0.0,1.0,0.2,LA_bl1_bo0.2
2025-03-10,50590.65208177588,44944.439169111996,1501.3715388346845,282.4500706999974,1.0,0.2,LA_bl1_bo0.2
2025-03-11,49533.12754694186,35972.371615674,1123.760402996365,208.14116543333003,1.0,0.2,LA_bl1_bo0.2
2025-03-12,45940.74972686502,43148.214977729804,2068.386810891915,388.3459413666547,1.0,0.2,LA_bl1_bo0.2
2025-03-13,48922.32917796164,46381.433746350194,1153.1985424044756,184.41720116666284,1.0,0.2,LA_bl1_bo0.2
2025-03-14,12413.7543111833,12423.687134664,0.0,0.0,1.0,0.2,LA_bl1_bo0.2
2025-03-15,14236.023326974457,12109.8234754755,1676.0515233213077,452.7513945666646,1.0,0.2,LA_bl1_bo0.2
2025-03-16,44986.908471041,43292.2679606775,8.081100000000493,1.6400000000001,1.0,0.2,LA_bl1_bo0.2
2025-03-17,41618.83372615591,38707.461996432,834.479034945421,164.18820283332514,1.0,0.2,LA_bl1_bo0.2
2025-03-18,43233.63688921218,42977.3881589475,24.286622728433347,11.841356766666673,1.0,0.2,LA_bl1_bo0.2
2025-03-19,42425.210913872994,36403.898691159,0.0,0.0,1.0,0.2,LA_bl1_bo0.2
2025-03-20,45236.14697100147,42710.21818365165,2012.1638762231485,353.16998989999047,1.0,0.2,LA_bl1_bo0.2
2025-03-21,13021.042620461532,11617.55993123724,1237.678256474312,361.09953023333213,1.0,0.2,LA_bl1_bo0.2
2025-03-22,11980.0009449606,12148.9663179657,0.0,0.0,1.0,0.2,LA_bl1_bo0.2
2025-03-23,43474.00037476593,42468.864708832,2251.7341332484307,405.20749326666646,1.0,0.2,LA_bl1_bo0.2
2025-03-24,41228.50424929735,40032.872936318396,863.3761523126495,222.22192859999495,1.0,0.2,LA_bl1_bo0.2
2025-03-25,42991.72163476645,41864.755497254904,0.0,0.0,1.0,0.2,LA_bl1_bo0.2
2025-03-26,40345.669096098114,38146.171011750004,1961.6945000770575,321.19629253333187,1.0,0.2,LA_bl1_bo0.2
2025-03-27,40113.41512762723,40705.54737649599,138.67226451224118,46.311329499997626,1.0,0.2,LA_bl1_bo0.2
2025-03-28,12823.786021527487,11804.5551647794,1203.6877210825853,287.7914455666671,1.0,0.2,LA_bl1_bo0.2
2025-03-29,12240.8819293603,11103.8590047003,799.2887184103492,196.09938126666208,1.0,0.2,LA_bl1_bo0.2
2025-03-30,37604.273867610005,38797.599214458,0.0,0.0,1.0,0.2,LA_bl1_bo0.2
2025-03-31,39037.26459409255,34987.610407904,330.7696515095517,69.35337249999755,1.0,0.2,LA_bl1_bo0.2
2025-04-01,44005.74798761877,40091.776220639,223.59028849877026,34.39447796666468,1.0,0.2,LA_bl1_bo0.2
2025-04-02,43350.424504134964,39450.10457142,2108.908066597263,316.7479823666661,1.0,0.2,LA_bl1_bo0.2
2025-04-03,41049.54202078258,41783.933753711506,1257.8004700372744,220.00330046666255,1.0,0.2,LA_bl1_bo0.2
2025-04-04,11366.19487519873,11014.6612650165,494.15317714942836,119.25984726666547,1.0,0.2,LA_bl1_bo0.2
2025-04-05,12131.875322284763,10607.460045237329,856.7455209389793,269.1111970999989,1.0,0.2,LA_bl1_bo0.2
2025-04-06,40521.09560969313,38291.37447024,2244.7637591924617,371.6699370999992,1.0,0.2,LA_bl1_bo0.2
2025-04-07,37276.030530606076,33279.3546564411,1458.932605023103,293.12816973333094,1.0,0.2,LA_bl1_bo0.2
2025-04-08,38298.69534946142,35817.1327257382,610.4295227712732,151.9643493766674,1.0,0.2,LA_bl1_bo0.2
2025-04-09,42312.95008355422,37276.990103400996,3213.5200316637306,541.5884196333303,1.0,0.2,LA_bl1_bo0.2
2025-04-10,39179.166487111586,37579.9066541612,1490.8926255589372,259.62114780000053,1.0,0.2,LA_bl1_bo0.2
2025-04-11,11297.285005413714,10034.620580807801,328.3047227514987,140.7075769999995,1.0,0.2,LA_bl1_bo0.2
2025-04-12,10555.963910161865,10447.5196702398,277.4647453443146,76.86500326666601,1.0,0.2,LA_bl1_bo0.2
2025-04-13,36973.32094859285,35313.518502818995,918.0660600544601,163.6732922999986,1.0,0.2,LA_bl1_bo0.2
2025-04-14,37206.601276818554,37174.011574238,1605.904374159654,246.777468176666,1.0,0.2,LA_bl1_bo0.2
2025-04-15,35270.25841061359,29880.707103439803,176.72598133539591,32.26562934233122,1.0,0.2,LA_bl1_bo0.2
2025-04-16,39726.9192725832,34707.989339710264,2032.6182002855294,348.94800673332986,1.0,0.2,LA_bl1_bo0.2
2025-04-17,37725.63090320545,33009.1451651714,1553.2113836843967,237.71217993333283,1.0,0.2,LA_bl1_bo0.2
2025-04-18,10711.548154190152,10252.656083245201,0.0,0.0,1.0,0.2,LA_bl1_bo0.2
2025-04-19,10567.5098904196,9632.3388320232,0.0,0.0,1.0,0.2,LA_bl1_bo0.2
2025-04-20,35202.02247784664,32882.150626647395,0.0,0.0,1.0,0.2,LA_bl1_bo0.2
2025-04-21,35175.25302399118,34213.4477392495,1808.94947941693,361.78364789999944,1.0,0.2,LA_bl1_bo0.2
2025-04-22,36205.6352395887,29971.9191996456,0.0,0.0,1.0,0.2,LA_bl1_bo0.2
2025-04-23,36800.192561323805,29865.073669955502,1062.810418117782,169.5682837999973,1.0,0.2,LA_bl1_bo0.2
2025-04-24,35218.646317007675,31321.151330835004,2517.615011546369,388.9328035333335,1.0,0.2,LA_bl1_bo0.2
2025-04-25,10138.22586275302,9505.5497606543,698.2955887049616,218.03618179999856,1.0,0.2,LA_bl1_bo0.2
2025-04-26,10724.192254449243,9380.6733066901,779.2569947370424,234.87764356666457,1.0,0.2,LA_bl1_bo0.2
2025-04-27,35120.49422560707,30281.525503194403,1648.452428295919,283.47314393333085,1.0,0.2,LA_bl1_bo0.2
2025-04-28,40047.887659973836,36895.7968337821,797.668819807182,163.64042776666628,1.0,0.2,LA_bl1_bo0.2
2025-04-29,34358.83754474868,29158.52272517058,670.9109289049752,101.37668916666291,1.0,0.2,LA_bl1_bo0.2
2025-04-30,33837.3549150164,28327.623211910406,2697.6905203705,469.5750759333276,1.0,0.2,LA_bl1_bo0.2
2025-05-01,49753.65241357268,31899.652362633897,13803.816909033329,2712.6221699999987,1.0,0.2,LA_bl1_bo0.2
2025-05-02,15293.354272260221,11787.56161188454,3235.0832534970314,775.3807966333326,1.0,0.2,LA_bl1_bo0.2
2025-05-03,16192.357022170125,10647.515955840101,5109.9705184377635,1125.2286067333325,1.0,0.2,LA_bl1_bo0.2
2025-05-04,42701.92722622708,34514.90737995,7680.425428296443,1469.7695482333343,1.0,0.2,LA_bl1_bo0.2
2025-05-05,40086.95702303714,37656.9601062921,2626.2403996795406,410.55562789999607,1.0,0.2,LA_bl1_bo0.2
2025-05-06,39562.22026622643,32074.800596435998,204.71518179153608,88.20385103333453,1.0,0.2,LA_bl1_bo0.2
2025-05-07,41306.729119959426,34668.030619543,1993.1648975287778,317.79292029999914,1.0,0.2,LA_bl1_bo0.2
2025-05-08,39006.67927615075,38365.5404478876,475.54781521865766,72.6692871666653,1.0,0.2,LA_bl1_bo0.2
2025-05-09,12977.24610086144,12783.9445626528,0.0,0.0,1.0,0.2,LA_bl1_bo0.2
2025-05-10,11771.977632861304,11490.7460957322,138.43553396272955,74.26811559999786,1.0,0.2,LA_bl1_bo0.2
2025-05-11,41593.66524389072,36089.454739342,3310.5910441583137,485.1491866666638,1.0,0.2,LA_bl1_bo0.2
2025-05-12,38203.8572721134,32564.713161719097,222.41014614095417,46.02188103333076,1.0,0.2,LA_bl1_bo0.2
2025-05-13,39800.50963402856,34331.6213365824,3144.866334645907,497.8699242999985,1.0,0.2,LA_bl1_bo0.2
2025-05-14,37091.351157626224,34546.915040863,757.3260424860775,218.5155515333347,1.0,0.2,LA_bl1_bo0.2
2025-05-15,38025.030455956905,36206.5514541906,61.84753150000003,28.435646666666685,1.0,0.2,LA_bl1_bo0.2
2025-05-16,12102.726240484659,11185.9016419938,757.118681574307,335.67985953333476,1.0,0.2,LA_bl1_bo0.2
2025-05-17,13002.790936458572,11047.54764572965,1092.413657329299,215.82643366666093,1.0,0.2,LA_bl1_bo0.2
2025-05-18,37570.591313244244,37721.691017669,34.42846500000008,5.236666666666679,1.0,0.2,LA_bl1_bo0.2
2025-05-19,37517.95801714229,33106.38588855175,3586.50604218692,553.1924262666646,1.0,0.2,LA_bl1_bo0.2
2025-05-20,39625.08070566927,32168.724798286603,2699.1874585420646,466.4607630666628,1.0,0.2,LA_bl1_bo0.2
2025-05-21,38726.24923011266,31301.952819035803,1706.1575628309988,385.2816375999994,1.0,0.2,LA_bl1_bo0.2
2025-05-22,35971.27140112648,33462.0609838498,1261.2973743521893,207.2474509000009,1.0,0.2,LA_bl1_bo0.2
2025-05-23,12300.336555547005,10669.7241589308,537.4563124291535,111.24753699999741,1.0,0.2,LA_bl1_bo0.2
2025-05-24,11712.729161319527,11168.64431117726,334.66366470166815,77.92954000000036,1.0,0.2,LA_bl1_bo0.2
2025-05-25,36477.853432989854,33693.458906827,1603.1129866618505,268.5004044333332,1.0,0.2,LA_bl1_bo0.2
2025-05-26,39748.736441482324,32814.8614198575,1501.7694576452204,261.825235499998,1.0,0.2,LA_bl1_bo0.2
2025-05-27,36113.06655277769,30279.0613836278,575.0730692762363,92.82129223333101,1.0,0.2,LA_bl1_bo0.2
2025-05-28,36495.30536442617,33603.6799778818,389.7567807289125,64.58704906666568,1.0,0.2,LA_bl1_bo0.2
2025-05-29,42270.56290164873,34359.4995547494,1613.8630059848317,242.40249303333547,1.0,0.2,LA_bl1_bo0.2
2025-05-30,11700.7193292506,11332.6623176629,0.0,0.0,1.0,0.2,LA_bl1_bo0.2
2025-05-31,11826.166994970921,11529.25229836722,727.4466828450104,140.08216500000202,1.0,0.2,LA_bl1_bo0.2
2025-06-01,68066.68028660587,48959.450046246,10900.708155429682,2257.985555519995,1.0,0.2,LA_bl1_bo0.2
2025-06-02,57780.47345622763,53005.824199190945,4893.578647555943,1071.6089519999985,1.0,0.2,LA_bl1_bo0.2
2025-06-03,60889.95715204384,46622.749575831,8708.413607120538,1431.4885023999977,1.0,0.2,LA_bl1_bo0.2
2025-06-04,56971.34843774946,57004.212746111756,2031.2380609946058,359.56284170000083,1.0,0.2,LA_bl1_bo0.2
2025-06-05,55815.15531322511,50224.787136150124,1990.6426882145638,344.1471777999963,1.0,0.2,LA_bl1_bo0.2
2025-06-06,27686.66053306276,15823.7186457077,8141.17216676936,2224.307280466665,1.0,0.2,LA_bl1_bo0.2
2025-06-07,21061.188413751097,18286.56874495076,2767.872410545432,449.19674773333236,1.0,0.2,LA_bl1_bo0.2
2025-06-08,49821.344389383106,48821.147948552105,53.26724692500071,7.63549566666677,1.0,0.2,LA_bl1_bo0.2
2025-06-09,56180.68609961446,55606.64289467061,1903.7911270661589,272.97997099999884,1.0,0.2,LA_bl1_bo0.2
2025-06-10,56687.99662299963,49780.3442871634,2555.7710276113935,571.4605848666654,1.0,0.2,LA_bl1_bo0.2
2025-06-11,59180.53867273728,53399.626725427785,218.16764333339984,80.3825395999996,1.0,0.2,LA_bl1_bo0.2
2025-06-12,54058.69821968505,53633.421357316896,6.910471004999897,0.9846529999999802,1.0,0.2,LA_bl1_bo0.2
2025-06-13,18551.194945210602,18925.502117666103,0.0,0.0,1.0,0.2,LA_bl1_bo0.2
2025-06-14,18910.476476811014,17715.079245878802,1280.1002160602102,217.2338959666656,1.0,0.2,LA_bl1_bo0.2
2025-06-15,53872.27330332416,49373.014461918705,307.8520591218344,44.45086166666681,1.0,0.2,LA_bl1_bo0.2
2025-06-16,56560.14949657423,51616.3152971161,841.5357391258316,128.773921333333,1.0,0.2,LA_bl1_bo0.2
2025-06-17,59944.52958981519,51688.4690055541,2963.756970044231,605.5377488666659,1.0,0.2,LA_bl1_bo0.2
2025-06-18,55313.36659945087,51792.80901170266,77.7728983648338,11.502314333333402,1.0,0.2,LA_bl1_bo0.2
2025-06-19,54707.4111142838,48073.30702948563,1189.9528238151681,171.14545366666687,1.0,0.2,LA_bl1_bo0.2
2025-06-20,17024.268702357713,16945.6682556839,296.4641145766111,132.86221656666507,1.0,0.2,LA_bl1_bo0.2
2025-06-21,16873.902616760635,16430.625956915603,478.36300009693247,249.35774019999963,1.0,0.2,LA_bl1_bo0.2
2025-06-22,51233.71203008391,47102.67018370049,322.691442802218,47.388039900000194,1.0,0.2,LA_bl1_bo0.2
2025-06-23,50994.77627647098,47910.84844994651,1642.965479431964,400.42823646666125,1.0,0.2,LA_bl1_bo0.2
2025-06-24,59253.67571947722,56711.29295254682,669.8190959352354,110.38084586666692,1.0,0.2,LA_bl1_bo0.2
2025-06-25,53652.17929316369,47760.6156677181,295.1655920263347,42.52193866666687,1.0,0.2,LA_bl1_bo0.2
2025-06-26,51145.387217775904,46509.542602462796,1411.525709822436,268.387629066667,1.0,0.2,LA_bl1_bo0.2
2025-06-27,18287.574277618256,16449.5202770237,2440.790582381405,459.44540406666476,1.0,0.2,LA_bl1_bo0.2
2025-06-28,16762.97080350186,15701.67631331308,851.5757793609787,187.73071136666584,1.0,0.2,LA_bl1_bo0.2
2025-06-29,54096.26425539192,46390.990750974146,928.4027853176408,303.8420982999973,1.0,0.2,LA_bl1_bo0.2
2025-06-30,51151.87869187985,50015.6769243063,959.0989858970006,136.34074500000008,1.0,0.2,LA_bl1_bo0.2
2025-02-01,17827.74134868465,18785.5856719058,0.0,0.0,1.0,0.5,LA_bl1_bo0.5
2025-02-02,62395.12338201782,61552.352252961195,2325.7324244049923,367.3076824999988,1.0,0.5,LA_bl1_bo0.5
2025-02-03,67644.81081623322,61465.282309048795,6356.552317186923,1069.3270010333285,1.0,0.5,LA_bl1_bo0.5
2025-02-04,64435.272000532095,63258.786410251996,0.0,0.0,1.0,0.5,LA_bl1_bo0.5
2025-02-05,65245.89504061227,58102.9491369289,2087.2144837334195,333.8533703333336,1.0,0.5,LA_bl1_bo0.5
2025-02-06,64345.16269297673,66205.07730120726,558.336787887802,88.06626930000027,1.0,0.5,LA_bl1_bo0.5
2025-02-07,18474.925727331934,19346.263988161,372.64837755833145,93.13913333333284,1.0,0.5,LA_bl1_bo0.5
2025-02-08,16611.174441917014,14536.3087999269,687.9803475276624,141.6862238666658,1.0,0.5,LA_bl1_bo0.5
2025-02-09,62806.033715017584,61039.9448478276,908.6964726734475,177.8854477733295,1.0,0.5,LA_bl1_bo0.5
2025-02-10,55698.81716892541,55212.9534382766,308.23033978366834,68.00300266666704,1.0,0.5,LA_bl1_bo0.5
2025-02-11,60232.74584395341,54382.7457585244,3042.2595005012663,565.7664751999969,1.0,0.5,LA_bl1_bo0.5
2025-02-12,60320.83795129332,55771.4616384643,4245.558394449956,793.6150060666648,1.0,0.5,LA_bl1_bo0.5
2025-02-13,53199.280370737586,52825.3762875176,398.89486207514545,79.40942989999658,1.0,0.5,LA_bl1_bo0.5
2025-02-14,15717.45455638395,14982.7288333215,0.0,0.0,1.0,0.5,LA_bl1_bo0.5
2025-02-15,16269.929217406667,15812.4860780404,417.2776169279674,140.97286796666677,1.0,0.5,LA_bl1_bo0.5
2025-02-16,58171.84847167229,58510.0037981595,706.4056301595937,135.4038120333311,1.0,0.5,LA_bl1_bo0.5
2025-02-17,56123.2182606138,57116.5123894972,1541.7193873622507,261.720540539996,1.0,0.5,LA_bl1_bo0.5
2025-02-18,54865.532686352424,46862.670679967705,231.89954906266854,46.26826766666704,1.0,0.5,LA_bl1_bo0.5
2025-02-19,57030.11216609304,48468.3880487354,4153.245822533676,801.7860683999909,1.0,0.5,LA_bl1_bo0.5
2025-02-20,53896.17383854205,54159.68447528625,483.66444365641814,91.51284050333322,1.0,0.5,LA_bl1_bo0.5
2025-02-21,14851.164490949599,14793.4853901875,0.0,0.0,1.0,0.5,LA_bl1_bo0.5
2025-02-22,15271.61413885955,14713.4311930156,0.0,0.0,1.0,0.5,LA_bl1_bo0.5
2025-02-23,53300.50347974953,52458.1383219087,514.0254508187825,114.01623239999961,1.0,0.5,LA_bl1_bo0.5
2025-02-24,50736.38080597919,49793.35646474775,1020.4178085699382,206.95958506666716,1.0,0.5,LA_bl1_bo0.5
2025-02-25,49600.18359568714,48138.005533961,1057.073066276841,223.1744571000011,1.0,0.5,LA_bl1_bo0.5
2025-02-26,52690.41587399645,45000.0135464948,2158.4726955881915,410.95684973333175,1.0,0.5,LA_bl1_bo0.5
2025-02-27,48428.25614906201,46359.77125785119,1617.5028835733342,298.2323242999999,1.0,0.5,LA_bl1_bo0.5
2025-02-28,13945.315912644484,13969.212803406299,7.625606530490282,4.537700999994217,1.0,0.5,LA_bl1_bo0.5
2025-03-01,17134.125126389168,15316.040950090599,2706.423385594369,578.5717784666671,1.0,0.5,LA_bl1_bo0.5
2025-03-02,59030.00065883641,53566.39246425297,5582.001638081465,1015.7392312999966,1.0,0.5,LA_bl1_bo0.5
2025-03-03,55686.9054044999,53819.21607710299,2417.335009569504,499.34637913333097,1.0,0.5,LA_bl1_bo0.5
2025-03-04,50580.81430702885,44851.4344360216,3.1064865000005213,0.6247333333334382,1.0,0.5,LA_bl1_bo0.5
2025-03-05,47812.518059487586,47271.554203993,330.8653654375868,51.834694366667236,1.0,0.5,LA_bl1_bo0.5
2025-03-06,46879.79968094399,45465.108654594995,603.4215678139877,195.5924003999978,1.0,0.5,LA_bl1_bo0.5
2025-03-07,15056.630734313532,14265.838043251799,1491.3965483333345,382.7038232666668,1.0,0.5,LA_bl1_bo0.5
2025-03-08,14219.294266011093,12442.4115675738,363.9718378865445,105.93121429999809,1.0,0.5,LA_bl1_bo0.5
2025-03-09,45421.79335501131,46443.147818069905,0.0,0.0,1.0,0.5,LA_bl1_bo0.5
2025-03-10,50252.17785347143,45984.4101954446,1501.3715388346845,282.4500706999974,1.0,0.5,LA_bl1_bo0.5
2025-03-11,49150.830821475865,36736.965066606004,1123.760402996365,208.14116543333003,1.0,0.5,LA_bl1_bo0.5
2025-03-12,46018.54987197236,44121.4322037557,2068.386813163716,388.34594176665485,1.0,0.5,LA_bl1_bo0.5
2025-03-13,49142.10983814853,47386.0230793918,1153.1985402608009,184.41720083332825,1.0,0.5,LA_bl1_bo0.5
2025-03-14,12442.644750748499,12533.482206748,0.0,0.0,1.0,0.5,LA_bl1_bo0.5
2025-03-15,14202.59632902511,12183.9464310448,1678.9262358213095,452.75139456666494,1.0,0.5,LA_bl1_bo0.5
2025-03-16,45056.53723909985,44259.2981826562,8.081100000000493,1.6400000000001,1.0,0.5,LA_bl1_bo0.5
2025-03-17,41543.67165725164,39511.53511940521,834.479034945421,164.18820283332514,1.0,0.5,LA_bl1_bo0.5
2025-03-18,43761.17583087267,43982.5584388305,24.28662272842831,11.841356766664216,1.0,0.5,LA_bl1_bo0.5
2025-03-19,42004.35182682549,37231.33249656099,0.0,0.0,1.0,0.5,LA_bl1_bo0.5
2025-03-20,45588.407646330044,43704.3733346588,2012.1638762231485,353.16998989999047,1.0,0.5,LA_bl1_bo0.5
2025-03-21,13019.06328092391,11719.97917405,1234.8609582953095,361.0995312333316,1.0,0.5,LA_bl1_bo0.5
2025-03-22,12037.732049676648,12244.742628573798,0.0,0.0,1.0,0.5,LA_bl1_bo0.5
2025-03-23,43880.90731796392,43441.969989305,2251.7341332484307,405.20749326666646,1.0,0.5,LA_bl1_bo0.5
2025-03-24,41467.8574101393,40950.953010663,863.3761523126495,222.22192859999495,1.0,0.5,LA_bl1_bo0.5
2025-03-25,43396.44421173881,42896.6596915222,0.0,0.0,1.0,0.5,LA_bl1_bo0.5
2025-03-26,40691.917150440815,38877.903059894,1961.6945226118153,321.19629603333306,1.0,0.5,LA_bl1_bo0.5
2025-03-27,40573.34446767873,41690.44648895299,138.30587534774185,46.217323299997794,1.0,0.5,LA_bl1_bo0.5
2025-03-28,12884.711088293807,11892.30277845246,1203.6877210825853,287.7914455666671,1.0,0.5,LA_bl1_bo0.5
2025-03-29,12236.855701916586,11173.159420424901,798.1210294959349,196.09938126666256,1.0,0.5,LA_bl1_bo0.5
2025-03-30,38058.411597850194,39712.692989343996,0.0,0.0,1.0,0.5,LA_bl1_bo0.5
2025-03-31,38566.99136052017,35765.602589209,330.7696664494307,69.35337473333023,1.0,0.5,LA_bl1_bo0.5
2025-04-01,43746.16659944578,41090.442612186,223.59028849877026,34.39447796666468,1.0,0.5,LA_bl1_bo0.5
2025-04-02,43164.680910457755,40453.654507871805,2106.3433377514516,316.3627722666644,1.0,0.5,LA_bl1_bo0.5
2025-04-03,41532.9298691263,42742.526683627846,1257.8004700372744,220.00330046666255,1.0,0.5,LA_bl1_bo0.5
2025-04-04,11481.46390854934,11094.106065245722,556.9544249444278,134.41641726666535,1.0,0.5,LA_bl1_bo0.5
2025-04-05,12067.99112272473,10678.95387215,856.7455172404314,269.1111961999993,1.0,0.5,LA_bl1_bo0.5
2025-04-06,40751.92925981996,39203.010794805,2244.7637591924617,371.6699370999992,1.0,0.5,LA_bl1_bo0.5
2025-04-07,37143.716137521384,34075.10703329541,1458.932605023103,293.12816973333094,1.0,0.5,LA_bl1_bo0.5
2025-04-08,38654.09160248577,36667.3600466846,610.4295227712732,151.9643493766674,1.0,0.5,LA_bl1_bo0.5
2025-04-09,42109.80167321573,38245.25366458899,3212.9791482137402,541.5065296333318,1.0,0.5,LA_bl1_bo0.5
2025-04-10,39213.298442060746,38392.391092524005,1481.535962392939,258.17988730000076,1.0,0.5,LA_bl1_bo0.5
2025-04-11,11259.453646352513,10090.7201381062,328.3047227514987,140.7075769999995,1.0,0.5,LA_bl1_bo0.5
2025-04-12,10580.03571344143,10553.85548728741,277.4647453443146,76.86500326666601,1.0,0.5,LA_bl1_bo0.5
2025-04-13,37035.6147376936,36162.6549403985,918.0660673760515,163.6732933999973,1.0,0.5,LA_bl1_bo0.5
2025-04-14,37660.99434131529,38073.434723337996,1605.9043591923885,246.7774658766636,1.0,0.5,LA_bl1_bo0.5
2025-04-15,35115.79761674306,30568.603467324003,176.72599299210788,32.26563113332945,1.0,0.5,LA_bl1_bo0.5
2025-04-16,39489.39932540629,35627.73184894711,2032.6182002855294,348.94800673332986,1.0,0.5,LA_bl1_bo0.5
2025-04-17,37836.5214324999,33790.856077848,1553.2113836843967,237.71217993333283,1.0,0.5,LA_bl1_bo0.5
2025-04-18,10749.907394453696,10326.8428563724,30.11526750334651,10.919022766665478,1.0,0.5,LA_bl1_bo0.5
2025-04-19,10566.01852521885,9706.986739558699,0.0,0.0,1.0,0.5,LA_bl1_bo0.5
2025-04-20,35276.11095507014,33677.009996525405,0.0,0.0,1.0,0.5,LA_bl1_bo0.5
2025-04-21,35548.15970697543,34980.455368066,1808.94947941693,361.78364789999944,1.0,0.5,LA_bl1_bo0.5
2025-04-22,36006.87353947125,30289.7566140099,0.0,0.0,1.0,0.5,LA_bl1_bo0.5
2025-04-23,36646.95623828814,30168.326956835102,1051.6562268803173,167.9670504899966,1.0,0.5,LA_bl1_bo0.5
2025-04-24,35359.202277859025,31986.122938320306,2517.615011546369,388.9328035333335,1.0,0.5,LA_bl1_bo0.5
2025-04-25,10053.30468565152,9579.3118327327,595.6037558349615,193.66119179999853,1.0,0.5,LA_bl1_bo0.5
2025-04-26,10579.952044605137,9454.844054645639,658.4314786437085,206.0856702333311,1.0,0.5,LA_bl1_bo0.5
2025-04-27,35257.124184150176,30881.43076413942,1648.452428295919,283.47314393333085,1.0,0.5,LA_bl1_bo0.5
2025-04-28,39955.593209949875,37984.831967649,795.1228529421821,163.26051776666628,1.0,0.5,LA_bl1_bo0.5
2025-04-29,33981.91459916467,29929.3752864032,670.9109289049752,101.37668916666291,1.0,0.5,LA_bl1_bo0.5
2025-04-30,33754.0972447154,28630.622673267797,2724.0367271762525,473.60817303332783,1.0,0.5,LA_bl1_bo0.5
2025-05-01,49729.55026318715,32681.765223369403,13786.883089893341,2709.995550000001,1.0,0.5,LA_bl1_bo0.5
2025-05-02,15296.78108802416,11913.5503184648,3219.8909233135737,774.8902750333311,1.0,0.5,LA_bl1_bo0.5
2025-05-03,16129.231977928923,10739.1582384252,5109.9705184377635,1125.2286067333325,1.0,0.5,LA_bl1_bo0.5
2025-05-04,43192.90012280858,35380.49912899399,7665.614719496443,1467.5118182333345,1.0,0.5,LA_bl1_bo0.5
2025-05-05,40466.59620289463,38532.451869429,2614.022744905828,408.74063053333,1.0,0.5,LA_bl1_bo0.5
2025-05-06,39434.855831491484,32408.084769790297,204.71517771273284,88.2038492333331,1.0,0.5,LA_bl1_bo0.5
2025-05-07,41059.78966663446,35059.619697064,1987.9785680039593,317.0364544999964,1.0,0.5,LA_bl1_bo0.5
2025-05-08,39177.01173835157,39344.4937476316,464.82899647147013,71.0313258666672,1.0,0.5,LA_bl1_bo0.5
2025-05-09,12960.869136893589,12897.6974478693,0.0,0.0,1.0,0.5,LA_bl1_bo0.5
2025-05-10,11794.548438245301,11586.837607991198,138.43553396272955,74.26811559999786,1.0,0.5,LA_bl1_bo0.5
2025-05-11,41392.208161980816,37038.883357593004,3310.5910441583137,485.1491866666638,1.0,0.5,LA_bl1_bo0.5
2025-05-12,38417.75809260729,33452.878793859796,222.41014614095417,46.02188103333076,1.0,0.5,LA_bl1_bo0.5
2025-05-13,40061.85819499342,35303.59669068181,3144.866334645907,497.8699242999985,1.0,0.5,LA_bl1_bo0.5
2025-05-14,36883.94409563452,35423.994581957995,732.2022312609706,214.9220721333337,1.0,0.5,LA_bl1_bo0.5
2025-05-15,38129.00395212695,37064.7028845216,61.84753150000003,28.435646666666685,1.0,0.5,LA_bl1_bo0.5
2025-05-16,12124.422294539316,11285.21574555612,757.118681574307,335.67985953333476,1.0,0.5,LA_bl1_bo0.5
2025-05-17,12980.83086523135,11158.298972398801,1092.413657329299,215.82643366666093,1.0,0.5,LA_bl1_bo0.5
2025-05-18,37669.57623486845,38674.1087197086,34.42846500000008,5.236666666666679,1.0,0.5,LA_bl1_bo0.5
2025-05-19,37704.69051975895,33771.85512293066,3619.3095727603745,557.9579569666653,1.0,0.5,LA_bl1_bo0.5
2025-05-20,38994.7605097817,33041.43607183137,2684.814796123386,464.3110977333277,1.0,0.5,LA_bl1_bo0.5
2025-05-21,38332.232297617826,32025.6307697712,1701.7727449248011,384.6373798999997,1.0,0.5,LA_bl1_bo0.5
2025-05-22,35784.40194029819,34190.914111362,1261.2973743521893,207.2474509000009,1.0,0.5,LA_bl1_bo0.5
2025-05-23,12269.697553037553,10755.358058986702,537.4563124291535,111.24753699999741,1.0,0.5,LA_bl1_bo0.5
2025-05-24,11738.496346554259,11263.661027108401,334.66366470166815,77.92954000000036,1.0,0.5,LA_bl1_bo0.5
2025-05-25,36615.16149377886,34544.05224271203,1592.9912995213458,267.0640929333325,1.0,0.5,LA_bl1_bo0.5
2025-05-26,39144.01537817891,33655.620501302,1501.769442480163,261.82523319999683,1.0,0.5,LA_bl1_bo0.5
2025-05-27,35933.30430254539,30602.050168627902,593.9897390087373,95.65588723333116,1.0,0.5,LA_bl1_bo0.5
2025-05-28,36687.83760002869,34546.31315406107,389.7567960825678,64.58705136666649,1.0,0.5,LA_bl1_bo0.5
2025-05-29,41842.75805720607,35221.8256613943,1604.6566631996186,241.0349436000002,1.0,0.5,LA_bl1_bo0.5
2025-05-30,11638.192588975207,11437.980285300178,0.0,0.0,1.0,0.5,LA_bl1_bo0.5
2025-05-31,11914.74853036206,11677.5438945975,727.4466828450104,140.08216500000202,1.0,0.5,LA_bl1_bo0.5
2025-06-01,68293.34770944732,50338.29027552189,10896.10703253968,2257.314495519995,1.0,0.5,LA_bl1_bo0.5
2025-06-02,58363.18154442624,54296.907983997946,4888.941885695955,1070.9297720000002,1.0,0.5,LA_bl1_bo0.5
2025-06-03,60570.08660992984,47845.702828819005,8708.413607120538,1431.4885023999977,1.0,0.5,LA_bl1_bo0.5
2025-06-04,57510.30549015716,58316.87590107316,2031.2380509194024,359.56284010000024,1.0,0.5,LA_bl1_bo0.5
2025-06-05,55396.84049116776,51526.616794032125,1990.6426882145638,344.1471777999963,1.0,0.5,LA_bl1_bo0.5
2025-06-06,27710.295483233698,16052.763660951576,8141.17216676936,2224.307280466665,1.0,0.5,LA_bl1_bo0.5
2025-06-07,21359.99933627938,19009.612055036196,2763.480183545431,448.5102477333322,1.0,0.5,LA_bl1_bo0.5
2025-06-08,50015.15350866906,50012.5613704618,53.26724692500071,7.63549566666677,1.0,0.5,LA_bl1_bo0.5
2025-06-09,56840.71372476527,56964.36976813781,1896.145615258159,271.88454699999886,1.0,0.5,LA_bl1_bo0.5
2025-06-10,56217.76518501162,50969.85208153842,2558.276357627393,572.433150866665,1.0,0.5,LA_bl1_bo0.5
2025-06-11,58418.514055119034,54762.66947504529,218.16764333339984,80.3825395999996,1.0,0.5,LA_bl1_bo0.5
2025-06-12,54370.14356239919,54991.15058633599,6.910471004999897,0.9846529999999802,1.0,0.5,LA_bl1_bo0.5
2025-06-13,18699.59264479762,19179.82740805914,0.0,0.0,1.0,0.5,LA_bl1_bo0.5
2025-06-14,19123.77807342111,18227.060487636998,1280.1002160602102,217.2338959666656,1.0,0.5,LA_bl1_bo0.5
2025-06-15,53662.17579582708,50582.4352927889,376.6752063553338,54.284558666666726,1.0,0.5,LA_bl1_bo0.5
2025-06-16,56551.32670244358,52956.7991734026,841.5357391258316,128.773921333333,1.0,0.5,LA_bl1_bo0.5
2025-06-17,59919.921606216936,53026.9313808396,2963.756970044231,605.5377488666659,1.0,0.5,LA_bl1_bo0.5
2025-06-18,55275.32196027153,53091.3486208273,77.7728983648338,11.502314333333402,1.0,0.5,LA_bl1_bo0.5
2025-06-19,54749.419979708335,49286.518643950556,1189.9528238151681,171.14545366666687,1.0,0.5,LA_bl1_bo0.5
2025-06-20,17082.896554653358,17128.043635154798,296.4641145766111,132.86221656666507,1.0,0.5,LA_bl1_bo0.5
2025-06-21,16939.504485661135,16598.674370000605,478.36300009693247,249.35774019999963,1.0,0.5,LA_bl1_bo0.5
2025-06-22,51192.61279188337,48410.67568897605,321.79995979041814,47.256102500000225,1.0,0.5,LA_bl1_bo0.5
2025-06-23,50594.124797382836,49077.4131156505,1620.423295100335,397.3187363666642,1.0,0.5,LA_bl1_bo0.5
2025-06-24,59460.55697403757,58118.219443339316,669.8190959352354,110.38084586666692,1.0,0.5,LA_bl1_bo0.5
2025-06-25,53263.72212487269,49021.27813399461,295.1655920263347,42.52193866666687,1.0,0.5,LA_bl1_bo0.5
2025-06-26,50875.19693822562,47615.32203868314,1401.5821510439314,268.0398298666662,1.0,0.5,LA_bl1_bo0.5
2025-06-27,18406.567845593752,16651.003703674698,2440.790582381405,459.44540406666476,1.0,0.5,LA_bl1_bo0.5
2025-06-28,16805.22353840578,15891.1490415644,851.5757793609787,187.73071136666584,1.0,0.5,LA_bl1_bo0.5
2025-06-29,53618.02977508627,47580.84603793864,900.5825640856355,298.72489029999633,1.0,0.5,LA_bl1_bo0.5
2025-06-30,51791.74825986009,51367.4756207602,1001.1722377060007,142.20583900000008,1.0,0.5,LA_bl1_bo0.5
2025-02-01,18211.22177327225,19564.550829776,0.0,0.0,1.0,1.0,LA_bl1_bo1
2025-02-02,63248.03688426537,63262.80562757453,2325.7324244049923,367.3076824999988,1.0,1.0,LA_bl1_bo1
2025-02-03,68430.53734910338,63168.1341310843,6356.552338284839,1069.3270041999954,1.0,1.0,LA_bl1_bo1
2025-02-04,65235.060082022654,64942.6506859351,0.0,0.0,1.0,1.0,LA_bl1_bo1
2025-02-05,65222.470099690014,59822.193036927,2087.2144837334195,333.8533703333336,1.0,1.0,LA_bl1_bo1
2025-02-06,65220.97926838153,67932.92113013286,558.336787887802,88.06626930000027,1.0,1.0,LA_bl1_bo1
2025-02-07,18960.57116213143,20159.528677741997,372.64837755833145,93.13913333333284,1.0,1.0,LA_bl1_bo1
2025-02-08,16455.979769889476,14745.919538039958,687.9803763196583,141.68622976666495,1.0,1.0,LA_bl1_bo1
2025-02-09,63308.88306482336,62857.720993551804,908.6964726734475,177.8854477733295,1.0,1.0,LA_bl1_bo1
2025-02-10,56394.35950487301,56905.3008904451,308.23033978366834,68.00300266666704,1.0,1.0,LA_bl1_bo1
2025-02-11,60502.00988797462,56054.832855690656,3007.042835681516,558.9382318999968,1.0,1.0,LA_bl1_bo1
2025-02-12,60163.85920475466,57481.4141769098,3162.9744006315523,592.049766066664,1.0,1.0,LA_bl1_bo1
2025-02-13,53827.630313728034,54484.5020640123,398.89486207514545,79.40942989999658,1.0,1.0,LA_bl1_bo1
2025-02-14,16025.019332133663,15772.349208222082,0.0,0.0,1.0,1.0,LA_bl1_bo1
2025-02-15,16587.309504070592,16636.581533180244,417.277616927969,140.97286796666717,1.0,1.0,LA_bl1_bo1
2025-02-16,59049.41901046534,60274.82558422636,706.4056891965918,135.40382303333072,1.0,1.0,LA_bl1_bo1
2025-02-17,56986.41648421551,58859.0580746014,1541.7193873622507,261.720540539996,1.0,1.0,LA_bl1_bo1
2025-02-18,53864.51132119697,48606.1465949826,231.89954906266854,46.26826766666704,1.0,1.0,LA_bl1_bo1
2025-02-19,56658.94620645271,50173.00462611,4149.232870811109,801.0846260433107,1.0,1.0,LA_bl1_bo1
2025-02-20,54687.10917034451,55945.45509396019,483.66444365641814,91.51284050333322,1.0,1.0,LA_bl1_bo1
2025-02-21,15062.984699284101,15113.7131780939,0.0,0.0,1.0,1.0,LA_bl1_bo1
2025-02-22,15458.645771633051,15357.895292514,0.0,0.0,1.0,1.0,LA_bl1_bo1
2025-02-23,53650.20936494899,54236.70372029818,514.0254508187825,114.01623239999961,1.0,1.0,LA_bl1_bo1
2025-02-24,51580.62972327104,51419.8758216571,1002.1391752409386,203.38220306666722,1.0,1.0,LA_bl1_bo1
2025-02-25,50353.44860534509,49809.6596150469,1057.073066276841,223.1744571000011,1.0,1.0,LA_bl1_bo1
2025-02-26,51849.81646382144,46608.340303664896,2053.6151989722407,391.4502928333316,1.0,1.0,LA_bl1_bo1
2025-02-27,48978.01167092791,47984.881499487,1617.5028539143277,298.2323198666656,1.0,1.0,LA_bl1_bo1
2025-02-28,13939.104475938635,14128.7175210528,7.625606530490282,4.537700999994217,1.0,1.0,LA_bl1_bo1
2025-03-01,17576.38802766557,16092.395333485401,2706.423385594369,578.5717784666671,1.0,1.0,LA_bl1_bo1
2025-03-02,59686.06397609447,55469.37583140452,5582.001638081465,1015.7392312999966,1.0,1.0,LA_bl1_bo1
2025-03-03,56375.571003903206,55656.4075720556,2418.1821747575073,499.69027723333147,1.0,1.0,LA_bl1_bo1
2025-03-04,50470.24558728695,46497.9127538744,3.1064865000005213,0.6247333333334382,1.0,1.0,LA_bl1_bo1
2025-03-05,48616.55160129685,48984.4144423765,330.86533084459643,51.83468916666868,1.0,1.0,LA_bl1_bo1
2025-03-06,47176.84046702896,47132.2611693019,603.4215678140099,195.5924004000011,1.0,1.0,LA_bl1_bo1
2025-03-07,15424.719784704133,14946.155391118,1491.3965483333345,382.7038232666668,1.0,1.0,LA_bl1_bo1
2025-03-08,14141.590007930843,12615.9803389499,363.9718288993443,105.93121109999802,1.0,1.0,LA_bl1_bo1
2025-03-09,46044.80919530285,48101.2213308973,0.0,0.0,1.0,1.0,LA_bl1_bo1
2025-03-10,50399.62917572903,47762.3767959248,1501.3715388346845,282.4500706999974,1.0,1.0,LA_bl1_bo1
2025-03-11,48365.40016089565,38184.836614496395,1123.760402996365,208.14116543333003,1.0,1.0,LA_bl1_bo1
2025-03-12,46671.87417440707,45762.160689097975,2068.3868125957842,388.34594166665806,1.0,1.0,LA_bl1_bo1
2025-03-13,49401.151170961275,49103.9342270215,1153.1985424044756,184.41720116666284,1.0,1.0,LA_bl1_bo1
2025-03-14,12582.22220569069,12729.71227439518,0.0,0.0,1.0,1.0,LA_bl1_bo1
2025-03-15,14192.117195687646,12310.8260838504,1673.5560175086457,452.7513968999989,1.0,1.0,LA_bl1_bo1
2025-03-16,45245.688619306806,45914.8347732351,8.081100000000493,1.6400000000001,1.0,1.0,LA_bl1_bo1
2025-03-17,40518.914876039904,41011.71125365558,116.13205351631609,20.29190789999734,1.0,1.0,LA_bl1_bo1
2025-03-18,44607.27694022224,45697.947952729504,24.28662272842915,11.841356766664626,1.0,1.0,LA_bl1_bo1
2025-03-19,41304.637144285494,38647.877071172996,0.0,0.0,1.0,1.0,LA_bl1_bo1
2025-03-20,46084.93117751809,45369.1313011685,2012.1638491563338,353.1699846666543,1.0,1.0,LA_bl1_bo1
2025-03-21,13098.843674965063,11925.553518847099,1253.1965063473147,361.09952823333265,1.0,1.0,LA_bl1_bo1
2025-03-22,12142.25464387934,12421.64047535618,0.0,0.0,1.0,1.0,LA_bl1_bo1
2025-03-23,44781.65770882872,45118.3358856062,2251.7341332484307,405.20749326666646,1.0,1.0,LA_bl1_bo1
2025-03-24,42019.93787084858,42579.05123044786,863.3761523126495,222.22192859999495,1.0,1.0,LA_bl1_bo1
2025-03-25,44213.0208821776,44755.96414173701,0.0,0.0,1.0,1.0,LA_bl1_bo1
2025-03-26,41204.88491961889,40193.37502636976,1961.694511022511,321.1962942333324,1.0,1.0,LA_bl1_bo1
2025-03-27,41355.82231093389,43355.8573381483,137.79386155224276,46.08595349999803,1.0,1.0,LA_bl1_bo1
2025-03-28,12992.529713055077,12047.050075151,1203.6877210825853,287.7914455666671,1.0,1.0,LA_bl1_bo1
2025-03-29,12233.430320440148,11300.1167976837,801.676681248898,196.09938379999636,1.0,1.0,LA_bl1_bo1
2025-03-30,38849.46683234972,41304.37977386653,0.0,0.0,1.0,1.0,LA_bl1_bo1
2025-03-31,38490.48585865537,37124.874154245,330.7696639966232,69.35337436666494,1.0,1.0,LA_bl1_bo1
2025-04-01,44018.19806525198,42881.589416436604,223.59028849877026,34.39447796666468,1.0,1.0,LA_bl1_bo1
2025-04-02,43804.403473582664,42121.692655148,2102.0687985524614,315.7207567666659,1.0,1.0,LA_bl1_bo1
2025-04-03,42381.44886197288,44398.544340295106,1257.8004700372744,220.00330046666255,1.0,1.0,LA_bl1_bo1
2025-04-04,11546.607042352678,11240.1321164114,524.4292758644277,126.56673726666531,1.0,1.0,LA_bl1_bo1
2025-04-05,12101.73157526873,10798.70350766868,856.7455277881397,269.111198766664,1.0,1.0,LA_bl1_bo1
2025-04-06,41385.26026113496,40837.466670532,2244.7637591924617,371.6699370999992,1.0,1.0,LA_bl1_bo1
2025-04-07,37338.56928818149,35396.47295356238,1458.932605023103,293.12816973333094,1.0,1.0,LA_bl1_bo1
2025-04-08,39324.97266412014,38139.7720197243,610.4295172737943,151.96434856666608,1.0,1.0,LA_bl1_bo1
2025-04-09,42370.32601782714,39865.7711482664,3211.6024020137347,541.2980896333308,1.0,1.0,LA_bl1_bo1
2025-04-10,39794.880282710925,39840.6032292802,1466.3117807205294,255.834819266666,1.0,1.0,LA_bl1_bo1
2025-04-11,11183.433785904424,10192.15795806265,328.3047255836864,140.70757769999648,1.0,1.0,LA_bl1_bo1
2025-04-12,10689.574511180865,10754.538636605,277.4647453443146,76.86500326666601,1.0,1.0,LA_bl1_bo1
2025-04-13,37642.96461572367,37652.19165607996,918.0660664885935,163.67329326666527,1.0,1.0,LA_bl1_bo1
2025-04-14,38420.22244284427,39592.653027817,1605.9043501469666,246.7774644866641,1.0,1.0,LA_bl1_bo1
2025-04-15,35376.83756309796,31781.5658074661,176.72597607005514,32.26562853333671,1.0,1.0,LA_bl1_bo1
2025-04-16,39496.435252448326,37233.015497232,2032.6182002855294,348.94800673332986,1.0,1.0,LA_bl1_bo1
2025-04-17,37545.5159219534,35110.671137194004,1553.2113836843967,237.71217993333283,1.0,1.0,LA_bl1_bo1
2025-04-18,10740.00219945004,10455.38071139458,0.0,0.0,1.0,1.0,LA_bl1_bo1
2025-04-19,10551.518494670316,9828.382113722171,0.0,0.0,1.0,1.0,LA_bl1_bo1
2025-04-20,34960.77066066665,34986.800220867,0.0,0.0,1.0,1.0,LA_bl1_bo1
2025-04-21,36261.60373803893,36442.487569449004,1808.94947941693,361.78364789999944,1.0,1.0,LA_bl1_bo1
2025-04-22,35752.744336055744,31094.166350117295,0.0,0.0,1.0,1.0,LA_bl1_bo1
2025-04-23,35889.61514235967,31399.188107334037,1033.661008376388,165.38375756666483,1.0,1.0,LA_bl1_bo1
2025-04-24,35897.896465008875,33351.320510039805,2517.615011546369,388.9328035333335,1.0,1.0,LA_bl1_bo1
2025-04-25,9931.984312381413,9702.2486045938,425.1529800649614,153.2029017999985,1.0,1.0,LA_bl1_bo1
2025-04-26,10362.885834007859,9588.684969792499,484.16543746370854,164.55915023333114,1.0,1.0,LA_bl1_bo1
2025-04-27,35139.55022292102,32156.709247537,1648.452428295919,283.47314393333085,1.0,1.0,LA_bl1_bo1
2025-04-28,39865.97677625207,39684.659935022,780.6383888845749,161.64580486666523,1.0,1.0,LA_bl1_bo1
2025-04-29,33813.70041309307,31330.930434454,670.9109289049752,101.37668916666291,1.0,1.0,LA_bl1_bo1
2025-04-30,33467.61923790338,29970.6481125635,2683.0518039237795,469.1526388999936,1.0,1.0,LA_bl1_bo1
2025-05-01,49455.444687393414,34024.24423658299,13750.92817089332,2704.4185499999976,1.0,1.0,LA_bl1_bo1
2025-05-02,15337.370871082287,12123.5315184532,3219.8909233135737,774.8902750333311,1.0,1.0,LA_bl1_bo1
2025-05-03,16074.772572375032,10906.9180289668,5100.909531507763,1125.2285967333328,1.0,1.0,LA_bl1_bo1
2025-05-04,43863.14305379959,36859.930183796,7640.930292296438,1463.7489482333335,1.0,1.0,LA_bl1_bo1
2025-05-05,41358.71075135718,40061.5021347841,2595.636238296329,406.0092175333301,1.0,1.0,LA_bl1_bo1
2025-05-06,39484.05739747243,33312.6541821726,204.71518926933487,88.20385433333402,1.0,1.0,LA_bl1_bo1
2025-05-07,40326.64296955653,36381.02220551,1971.5078774623876,314.63407840000053,1.0,1.0,LA_bl1_bo1
2025-05-08,39861.01484155236,41000.2619116926,494.8606119866564,75.6205091666651,1.0,1.0,LA_bl1_bo1
2025-05-09,12964.95649398989,13101.0521565399,0.0,0.0,1.0,1.0,LA_bl1_bo1
2025-05-10,11829.820439741003,11748.010585036598,138.43553396272955,74.26811559999786,1.0,1.0,LA_bl1_bo1
2025-05-11,41484.45727133581,38679.269032862,3313.06938441831,485.5090966666633,1.0,1.0,LA_bl1_bo1
2025-05-12,38120.71066706536,34914.177408042204,222.41014614095417,46.02188103333076,1.0,1.0,LA_bl1_bo1
2025-05-13,40485.214260626504,36942.3666833183,3144.866334645907,497.8699242999985,1.0,1.0,LA_bl1_bo1
2025-05-14,37419.48897304237,36902.774551468996,717.2708545613227,212.786425033334,1.0,1.0,LA_bl1_bo1
2025-05-15,38110.083880347,38616.963018222,61.84753150000003,28.435646666666685,1.0,1.0,LA_bl1_bo1
2025-05-16,12169.501427297191,11462.613967721869,757.118681574307,335.67985953333476,1.0,1.0,LA_bl1_bo1
2025-05-17,12972.325541179496,11349.240027251599,1092.413657329299,215.82643366666093,1.0,1.0,LA_bl1_bo1
2025-05-18,38573.906610675345,40320.8825232038,34.42846500000008,5.236666666666679,1.0,1.0,LA_bl1_bo1
2025-05-19,38004.35694140588,34986.4674980565,3619.309526870378,557.9579502999991,1.0,1.0,LA_bl1_bo1
2025-05-20,38637.26290367114,34510.83513519034,2652.365967069115,459.4578477999938,1.0,1.0,LA_bl1_bo1
2025-05-21,37696.95038468109,33470.006100653,1695.3123168523862,383.6881544999975,1.0,1.0,LA_bl1_bo1
2025-05-22,36058.881308269956,35518.9992816701,1231.4771777338567,202.71309423333435,1.0,1.0,LA_bl1_bo1
2025-05-23,12214.969149812103,10900.681863858501,537.4563124291535,111.24753699999741,1.0,1.0,LA_bl1_bo1
2025-05-24,11780.497688536887,11423.75373216626,334.66366470166815,77.92954000000036,1.0,1.0,LA_bl1_bo1
2025-05-25,37025.7941186912,35912.96202539488,1560.2948581837572,262.4243254666675,1.0,1.0,LA_bl1_bo1
2025-05-26,38387.207031021055,35061.5901045239,1501.769442480163,261.82523319999683,1.0,1.0,LA_bl1_bo1
2025-05-27,35579.48189447689,31837.558628400602,645.6421018022355,103.39580823333091,1.0,1.0,LA_bl1_bo1
2025-05-28,36873.57325399264,36199.849752852,446.80805074468486,73.13341563333071,1.0,1.0,LA_bl1_bo1
2025-05-29,41258.49280600419,36884.6841457996,1577.089668491603,236.9400245999979,1.0,1.0,LA_bl1_bo1
2025-05-30,11567.236974577214,11631.987091424528,0.0,0.0,1.0,1.0,LA_bl1_bo1
2025-05-31,12073.30801600786,11946.5437403581,727.4466828450104,140.08216500000202,1.0,1.0,LA_bl1_bo1
2025-06-01,68650.92038580346,52480.02005854249,10888.438447994029,2256.196055419995,1.0,1.0,LA_bl1_bo1
2025-06-02,59368.22379964158,56487.78249708864,4874.851503855951,1068.8658519999997,1.0,1.0,LA_bl1_bo1
2025-06-03,60421.49288736617,49858.245760802994,8707.14288464494,1431.488502799998,1.0,1.0,LA_bl1_bo1
2025-06-04,58493.47504220365,60550.82145518616,2028.1181644873932,359.0673840999988,1.0,1.0,LA_bl1_bo1
2025-06-05,55458.03691401489,53763.757882386126,1989.8770316745752,344.03651779999797,1.0,1.0,LA_bl1_bo1
2025-06-06,28036.809270673773,17080.143444256202,8106.785438664372,2218.880510466667,1.0,1.0,LA_bl1_bo1
2025-06-07,22044.24650922737,20300.5766415092,2746.27525776542,445.8211377333305,1.0,1.0,LA_bl1_bo1
2025-06-08,50356.01041109566,52015.249528033906,53.26724692500071,7.63549566666677,1.0,1.0,LA_bl1_bo1
2025-06-09,57961.788881532084,59201.68495489144,1896.145615258159,271.88454699999886,1.0,1.0,LA_bl1_bo1
2025-06-10,55750.74095562183,53138.102536737424,2558.276357627393,572.433150866665,1.0,1.0,LA_bl1_bo1
2025-06-11,58156.26627053534,57069.8806815257,218.16764333339984,80.3825395999996,1.0,1.0,LA_bl1_bo1
2025-06-12,55548.6349766067,57277.8797118377,6.910471004999897,0.9846529999999802,1.0,1.0,LA_bl1_bo1
2025-06-13,19163.709516587704,20025.627694129304,0.0,0.0,1.0,1.0,LA_bl1_bo1
2025-06-14,19479.65276370351,19399.993974619,1280.1002160602102,217.2338959666656,1.0,1.0,LA_bl1_bo1
2025-06-15,53569.88302577489,52621.19183234956,251.65275133983357,36.5093086666667,1.0,1.0,LA_bl1_bo1
2025-06-16,56558.496668607826,55115.250750356296,841.5357391258316,128.773921333333,1.0,1.0,LA_bl1_bo1
2025-06-17,59921.168394916225,55315.388082341204,2965.814763772529,605.5377534666657,1.0,1.0,LA_bl1_bo1
2025-06-18,55350.244397659386,55285.421217657204,77.7728983648338,11.502314333333402,1.0,1.0,LA_bl1_bo1
2025-06-19,54915.30537144612,51384.441504458,1189.9528238151681,171.14545366666687,1.0,1.0,LA_bl1_bo1
2025-06-20,17226.67059831771,17446.5034735887,296.4641145766111,132.86221656666507,1.0,1.0,LA_bl1_bo1
2025-06-21,17111.437295626885,16889.012206064403,478.36300009693247,249.35774019999963,1.0,1.0,LA_bl1_bo1
2025-06-22,51140.97748153126,50511.454798212864,320.31416477401893,47.03620830000034,1.0,1.0,LA_bl1_bo1
2025-06-23,51651.00991195306,51130.1293173123,1591.9869601782643,393.26271196666846,1.0,1.0,LA_bl1_bo1
2025-06-24,59947.44956229604,60486.5376559724,669.8190959352354,110.38084586666692,1.0,1.0,LA_bl1_bo1
2025-06-25,53642.39950356284,51164.6375727358,295.1655920263347,42.52193866666687,1.0,1.0,LA_bl1_bo1
2025-06-26,50463.08122669345,49640.12649750016,1386.4348765810334,267.8301074666666,1.0,1.0,LA_bl1_bo1
2025-06-27,18641.572138594904,17040.011694708,2440.790582381405,459.44540406666476,1.0,1.0,LA_bl1_bo1
2025-06-28,16881.25142297633,16220.7070102503,851.5757793609787,187.73071136666584,1.0,1.0,LA_bl1_bo1
2025-06-29,53662.12070428336,49637.32327822794,854.2155524216391,290.196214299997,1.0,1.0,LA_bl1_bo1
2025-06-30,52831.60395691469,53607.27629977479,1001.1722377060007,142.20583900000008,1.0,1.0,LA_bl1_bo1
2025-02-01,17356.428318121947,17975.5082684354,0.0,0.0,1.5,0.0,LA_bl1.5_bo0
2025-02-02,61872.94291106675,59864.4728526499,2325.732456095003,367.3076875000005,1.5,0.0,LA_bl1.5_bo0
2025-02-03,65832.22065358637,59775.222394075194,4754.891810267175,778.1244827333285,1.5,0.0,LA_bl1.5_bo0
2025-02-04,64299.46145906025,61578.899470238,0.0,0.0,1.5,0.0,LA_bl1.5_bo0
2025-02-05,66529.31942305308,56368.8254147311,2087.2144732526267,333.8533687333347,1.5,0.0,LA_bl1.5_bo0
2025-02-06,63504.41791958279,64502.49058373405,362.7399763480024,58.563493000000335,1.5,0.0,LA_bl1.5_bo0
2025-02-07,18130.38014159508,18573.697379622998,372.64837755833145,93.13913333333284,1.5,0.0,LA_bl1.5_bo0
2025-02-08,16454.29308824432,14346.349263753998,253.5813116757112,52.45310056666553,1.5,0.0,LA_bl1.5_bo0
2025-02-09,63597.94725816612,59247.0501874537,892.9551465885958,174.66009573333227,1.5,0.0,LA_bl1.5_bo0
2025-02-10,55653.77400467062,53528.87329416949,264.36792048866886,59.407951666667145,1.5,0.0,LA_bl1.5_bo0
2025-02-11,59446.18887962234,52688.09776358739,1949.2177074552458,365.78299783333256,1.5,0.0,LA_bl1.5_bo0
2025-02-12,59647.638631085276,54067.6125799514,4197.253224613113,781.191504766666,1.5,0.0,LA_bl1.5_bo0
2025-02-13,53658.90000276044,51173.58392240545,360.61214834656175,71.85607989999906,1.5,0.0,LA_bl1.5_bo0
2025-02-14,15713.995079146096,14680.14483763341,0.0,0.0,1.5,0.0,LA_bl1.5_bo0
2025-02-15,16089.884949185838,15041.301812386002,416.10771531038625,140.673775133334,1.5,0.0,LA_bl1.5_bo0
2025-02-16,57260.618517887415,56751.2168354333,419.76652081723984,81.94651606666471,1.5,0.0,LA_bl1.5_bo0
2025-02-17,55227.441729400554,55367.4919159334,1503.6769573324123,254.31769323332958,1.5,0.0,LA_bl1.5_bo0
2025-02-18,55906.21122981141,45189.5500497366,217.1971660946685,43.383184666667034,1.5,0.0,LA_bl1.5_bo0
2025-02-19,57156.225257065584,46807.052163142,2614.9965885694837,525.5229325666597,1.5,0.0,LA_bl1.5_bo0
2025-02-20,53505.77338102088,52420.93750385203,466.385384701883,88.43306883333321,1.5,0.0,LA_bl1.5_bo0
2025-02-21,14821.6232214881,14586.223145374299,0.0,0.0,1.5,0.0,LA_bl1.5_bo0
2025-02-22,15478.415419370349,14447.3331553872,0.0,0.0,1.5,0.0,LA_bl1.5_bo0
2025-02-23,53785.42637512276,50650.6826010483,495.90311249346627,110.51094579999713,1.5,0.0,LA_bl1.5_bo0
2025-02-24,50263.208857718935,48218.97829001888,1038.6964189485568,210.53696363333165,1.5,0.0,LA_bl1.5_bo0
2025-02-25,49042.169382159635,46516.49923368226,1037.9206261916465,219.41797103333013,1.5,0.0,LA_bl1.5_bo0
2025-02-26,53262.76934755146,43480.334428905466,1184.411272119177,227.66636883333211,1.5,0.0,LA_bl1.5_bo0
2025-02-27,48574.78022771093,44818.2254383346,1028.437480183531,179.3582160333331,1.5,0.0,LA_bl1.5_bo0
2025-02-28,14073.65442759791,13813.92683406436,0.0,0.0,1.5,0.0,LA_bl1.5_bo0
2025-03-01,16433.34687821394,14514.555244246101,2498.7538494284854,538.8921612800011,1.5,0.0,LA_bl1.5_bo0
2025-03-02,59094.195680530895,51721.050026337296,5582.0016380814795,1015.7392312999991,1.5,0.0,LA_bl1.5_bo0
2025-03-03,54215.53571247164,51934.856773783,1259.1674668605935,290.1880963000013,1.5,0.0,LA_bl1.5_bo0
2025-03-04,51517.432977031196,43250.5117579542,3.1064865000005213,0.6247333333334382,1.5,0.0,LA_bl1.5_bo0
2025-03-05,46692.63906718161,45569.7762425946,330.86538162531684,51.83469679999757,1.5,0.0,LA_bl1.5_bo0
2025-03-06,47018.58121077931,43849.7117052246,603.4216045336041,195.59240586666692,1.5,0.0,LA_bl1.5_bo0
2025-03-07,14952.16481030761,13964.4191289715,1576.9635833059608,408.42619836666944,1.5,0.0,LA_bl1.5_bo0
2025-03-08,14286.122988409175,12278.65004991717,156.9868537712595,41.115111199997976,1.5,0.0,LA_bl1.5_bo0
2025-03-09,45803.97499716895,44791.529257009504,0.0,0.0,1.5,0.0,LA_bl1.5_bo0
2025-03-10,51612.5102170042,44271.015157574,1497.8064243794006,281.89570676666136,1.5,0.0,LA_bl1.5_bo0
2025-03-11,49202.58567917649,35452.60499215,62.44326834148166,12.97252899999619,1.5,0.0,LA_bl1.5_bo0
2025-03-12,45183.610234552456,42528.2105973182,1085.1302325900597,212.23598176665593,1.5,0.0,LA_bl1.5_bo0
2025-03-13,49603.9129806618,45687.5169012328,1144.4551698142568,183.05763459999844,1.5,0.0,LA_bl1.5_bo0
2025-03-14,12523.959958342397,12356.5768226662,0.0,0.0,1.5,0.0,LA_bl1.5_bo0
2025-03-15,14385.526568632806,12059.52148970178,1659.654219108646,449.4849968999989,1.5,0.0,LA_bl1.5_bo0
2025-03-16,45540.6446599888,42664.5637802,8.081100000000493,1.6400000000001,1.5,0.0,LA_bl1.5_bo0
2025-03-17,41640.909729042614,38197.49094492161,767.8730901124065,154.15385319999208,1.5,0.0,LA_bl1.5_bo0
2025-03-18,43265.49675185744,42319.108779873,11.31495016843489,5.516796766667426,1.5,0.0,LA_bl1.5_bo0
2025-03-19,43138.872358206114,35884.86613481074,0.0,0.0,1.5,0.0,LA_bl1.5_bo0
2025-03-20,44677.60387076679,42074.472591065,1164.9458395445909,185.2272810999986,1.5,0.0,LA_bl1.5_bo0
2025-03-21,13091.56369282434,11556.40110675645,1199.0551937123141,351.23200323333253,1.5,0.0,LA_bl1.5_bo0
2025-03-22,11978.600659757009,12086.9880560509,0.0,0.0,1.5,0.0,LA_bl1.5_bo0
2025-03-23,43724.132046447754,41836.160118529006,2173.235164578442,392.7562332666683,1.5,0.0,LA_bl1.5_bo0
2025-03-24,40935.24713022889,39418.8540621428,204.6985050038934,84.66069829999701,1.5,0.0,LA_bl1.5_bo0
2025-03-25,43170.652532122745,41179.3680150617,0.0,0.0,1.5,0.0,LA_bl1.5_bo0
2025-03-26,40432.85683864831,37650.3157580548,1856.6532422165094,304.88173823333216,1.5,0.0,LA_bl1.5_bo0
2025-03-27,40049.258044120565,40060.126213594,88.70695162357512,33.49149296666444,1.5,0.0,LA_bl1.5_bo0
2025-03-28,12710.443066438986,11749.435161049401,1119.7838433325853,267.7307455666671,1.5,0.0,LA_bl1.5_bo0
2025-03-29,12268.114119631911,11058.75075150366,714.3248290893275,174.41285336666115,1.5,0.0,LA_bl1.5_bo0
2025-03-30,37718.06940895995,38204.9818140195,0.0,0.0,1.5,0.0,LA_bl1.5_bo0
2025-03-31,39256.084427579364,34440.289987347,179.57034934086664,44.36620789999995,1.5,0.0,LA_bl1.5_bo0
2025-04-01,44260.68100634044,39441.3448060258,61.585260739346936,9.835237799997003,1.5,0.0,LA_bl1.5_bo0
2025-04-02,44102.41789372127,38794.186825958604,1936.1198470082431,290.79601186666315,1.5,0.0,LA_bl1.5_bo0
2025-04-03,40720.377182853634,41162.64437089412,1054.68046746229,190.70785046666475,1.5,0.0,LA_bl1.5_bo0
2025-04-04,10980.257619878234,10965.227956178001,106.98122234943276,25.81904726666653,1.5,0.0,LA_bl1.5_bo0
2025-04-05,12138.741428788828,10567.5898869381,718.5216185948088,235.4759854333313,1.5,0.0,LA_bl1.5_bo0
2025-04-06,40609.054199768965,37701.8689000825,2017.7935199827086,337.03649859999877,1.5,0.0,LA_bl1.5_bo0
2025-04-07,37638.80905021002,32782.9688894512,1212.1631245131161,256.1561897333329,1.5,0.0,LA_bl1.5_bo0
2025-04-08,37810.58618933513,35274.904584899996,169.5601197971334,75.26476670000004,1.5,0.0,LA_bl1.5_bo0
2025-04-09,42812.74928656009,36663.154204377,2978.062061465587,505.9399760000004,1.5,0.0,LA_bl1.5_bo0
2025-04-10,39461.14124001532,37061.0133362934,1280.6145547333208,227.72277149999795,1.5,0.0,LA_bl1.5_bo0
2025-04-11,11238.19868890702,10004.7100347355,159.28468845291985,97.00403935666438,1.5,0.0,LA_bl1.5_bo0
2025-04-12,10453.92269675318,10388.376814200401,108.9839131340627,31.66558483333216,1.5,0.0,LA_bl1.5_bo0
2025-04-13,37196.48644146208,34762.5088704953,619.4203720245797,118.8046492666632,1.5,0.0,LA_bl1.5_bo0
2025-04-14,36702.349585568474,36597.887805695995,1392.289833965984,213.95156879999752,1.5,0.0,LA_bl1.5_bo0
2025-04-15,34945.3238230571,29704.114856144603,0.0,0.0,1.5,0.0,LA_bl1.5_bo0
2025-04-16,40394.85625334209,34101.92712277081,1687.5426364855393,298.3504167333313,1.5,0.0,LA_bl1.5_bo0
2025-04-17,38146.87471455429,32541.605385133797,1212.779597891393,185.61059043333228,1.5,0.0,LA_bl1.5_bo0
2025-04-18,10785.9101980919,10212.0431110594,0.0,0.0,1.5,0.0,LA_bl1.5_bo0
2025-04-19,10661.30979025249,9551.7505116342,0.0,0.0,1.5,0.0,LA_bl1.5_bo0
2025-04-20,35988.7960017853,32383.717871168195,0.0,0.0,1.5,0.0,LA_bl1.5_bo0
2025-04-21,34645.39186477837,33667.016276541595,1443.3493971569228,304.6407778999983,1.5,0.0,LA_bl1.5_bo0
2025-04-22,36109.8350487251,29780.743177316,0.0,0.0,1.5,0.0,LA_bl1.5_bo0
2025-04-23,37062.37621532828,29649.242772460002,670.2618971045799,113.21621359999699,1.5,0.0,LA_bl1.5_bo0
2025-04-24,35275.99799122629,31117.446087509903,2099.385800613037,326.9269902000005,1.5,0.0,LA_bl1.5_bo0
2025-04-25,10212.31393039606,9466.22322617972,719.4646106240607,223.06087249999834,1.5,0.0,LA_bl1.5_bo0
2025-04-26,10914.122803142938,9342.807976564998,843.3881175620397,250.15969356666392,1.5,0.0,LA_bl1.5_bo0
2025-04-27,35224.87980600406,30095.634144408697,1222.8773576544606,218.60383966666546,1.5,0.0,LA_bl1.5_bo0
2025-04-28,40661.568981349476,36206.371842686,382.3271563153223,99.25033430000079,1.5,0.0,LA_bl1.5_bo0
2025-04-29,34144.22568542695,28664.624859623702,247.95225179720023,37.4663420666667,1.5,0.0,LA_bl1.5_bo0
2025-04-30,33395.964408966494,28164.907828959,1602.4252570104961,276.2356007333327,1.5,0.0,LA_bl1.5_bo0
2025-05-01,50006.32546024212,31650.764626287004,13398.766877563323,2649.7944933333315,1.5,0.0,LA_bl1.5_bo0
2025-05-02,15167.574079580621,11722.307484937699,2870.9023045410236,707.6891704333312,1.5,0.0,LA_bl1.5_bo0
2025-05-03,16094.871438036806,10598.4550905116,4786.475539081506,1057.411934233331,1.5,0.0,LA_bl1.5_bo0
2025-05-04,42089.46586539946,33959.79989000179,7263.3603002057735,1406.1925470000006,1.5,0.0,LA_bl1.5_bo0
2025-05-05,39890.352759849884,37074.8624637683,2620.9068379135833,409.7632990333308,1.5,0.0,LA_bl1.5_bo0
2025-05-06,40160.36002540933,31873.4700984107,61.52293590458741,26.526776833335063,1.5,0.0,LA_bl1.5_bo0
2025-05-07,41637.07311135889,34429.42966363,1562.526866269596,254.98107210000177,1.5,0.0,LA_bl1.5_bo0
2025-05-08,38997.27880809657,37735.6290318236,56.2681610394725,8.598435366667559,1.5,0.0,LA_bl1.5_bo0
2025-05-09,13132.820255868171,12725.214084668201,0.0,0.0,1.5,0.0,LA_bl1.5_bo0
2025-05-10,11723.193062409744,11417.444351671698,8.042189414396217,3.9981055999981194,1.5,0.0,LA_bl1.5_bo0
2025-05-11,42456.44028586658,35525.548931818004,2962.9805078449767,434.66842333333,1.5,0.0,LA_bl1.5_bo0
2025-05-12,38978.67303130154,31954.537110643403,0.0,0.0,1.5,0.0,LA_bl1.5_bo0
2025-05-13,39594.562361562035,33711.988699022,2703.3419887987393,432.41527366666253,1.5,0.0,LA_bl1.5_bo0
2025-05-14,37599.60104617572,33987.460051495,380.43351919796135,155.15878313333224,1.5,0.0,LA_bl1.5_bo0
2025-05-15,38368.344159917506,35622.894241574,61.84753150000003,28.435646666666685,1.5,0.0,LA_bl1.5_bo0
2025-05-16,11884.195797988525,11127.1837134891,466.832064111136,264.221454533334,1.5,0.0,LA_bl1.5_bo0
2025-05-17,12733.291503170927,10987.583597774701,683.7567425195756,144.18772709999848,1.5,0.0,LA_bl1.5_bo0
2025-05-18,38427.651150353195,37108.5297003388,34.42846500000008,5.236666666666679,1.5,0.0,LA_bl1.5_bo0
2025-05-19,37074.68790182472,32544.112151489004,3152.063279449156,490.07878309999603,1.5,0.0,LA_bl1.5_bo0
2025-05-20,40218.64187560514,31631.777021810904,2254.8993772089884,400.0102573333281,1.5,0.0,LA_bl1.5_bo0
2025-05-21,39248.502536775646,31097.8022841931,1314.604566026192,327.7510767999984,1.5,0.0,LA_bl1.5_bo0
2025-05-22,36136.75545531442,33239.52276848206,803.0419778774345,137.56670940000015,1.5,0.0,LA_bl1.5_bo0
2025-05-23,12200.860980321468,10630.1811643957,183.1088366233173,49.04370033332863,1.5,0.0,LA_bl1.5_bo0
2025-05-24,11503.0599161847,11124.367275036599,27.08947830000237,6.023900000000527,1.5,0.0,LA_bl1.5_bo0
2025-05-25,36346.87210526683,33197.0186651656,1143.241295196135,203.2426079999976,1.5,0.0,LA_bl1.5_bo0
2025-05-26,40280.52500046334,32261.336458320002,1028.0081905179388,189.97246123332906,1.5,0.0,LA_bl1.5_bo0
2025-05-27,36919.60797022044,30091.1500080564,524.3304913907375,85.21769923333119,1.5,0.0,LA_bl1.5_bo0
2025-05-28,37426.57574552573,33071.308720353,405.3812328446814,66.92761563333019,1.5,0.0,LA_bl1.5_bo0
2025-05-29,42812.379019487234,33792.535389184304,1157.2275122528144,174.5719086999996,1.5,0.0,LA_bl1.5_bo0
2025-05-30,11911.842276884894,11275.6590241433,0.0,0.0,1.5,0.0,LA_bl1.5_bo0
2025-05-31,11459.91720662997,11412.0342255794,356.07381094801065,68.56803600000205,1.5,0.0,LA_bl1.5_bo0
2025-06-01,67916.24478807308,48049.16891955039,10453.66759055497,2192.786027353334,1.5,0.0,LA_bl1.5_bo0
2025-06-02,57436.113758167325,52175.58052238095,4427.437844920532,1003.329941799997,1.5,0.0,LA_bl1.5_bo0
2025-06-03,61560.35883301971,45821.713007014,8192.391178996051,1360.4064853999998,1.5,0.0,LA_bl1.5_bo0
2025-06-04,56820.346424137046,56140.343796074056,1700.6233903043408,301.42718486666786,1.5,0.0,LA_bl1.5_bo0
2025-06-05,57051.761361425655,49396.342589093125,1702.5383708235306,280.209271866665,1.5,0.0,LA_bl1.5_bo0
2025-06-06,27197.661663863044,15689.3381803542,7693.994057453343,2153.7354964666624,1.5,0.0,LA_bl1.5_bo0
2025-06-07,20756.70002593804,17807.1775985758,2334.433118665442,381.45068773333395,1.5,0.0,LA_bl1.5_bo0
2025-06-08,50025.61368868111,48069.518715853905,53.26724692500071,7.63549566666677,1.5,0.0,LA_bl1.5_bo0
2025-06-09,56185.80036152187,54691.54149501161,1814.2609341481625,260.2117003333327,1.5,0.0,LA_bl1.5_bo0
2025-06-10,57866.94727610426,48991.93293258446,2355.379486634299,539.1980515999995,1.5,0.0,LA_bl1.5_bo0
2025-06-11,60331.49583455534,52496.49935987669,218.16764333339984,80.3825395999996,1.5,0.0,LA_bl1.5_bo0
2025-06-12,55813.935994921645,52706.78590968829,6.910471004999897,0.9846529999999802,1.5,0.0,LA_bl1.5_bo0
2025-06-13,18539.35209227233,18753.20569187303,0.0,0.0,1.5,0.0,LA_bl1.5_bo0
2025-06-14,18714.246906887056,17558.7245470277,1002.5683054216634,172.27853666666613,1.5,0.0,LA_bl1.5_bo0
2025-06-15,55220.54302640073,48569.2315541796,284.1084278023334,41.09555066666667,1.5,0.0,LA_bl1.5_bo0
2025-06-16,57678.99185575214,50727.9945391678,807.3936097168391,122.24181833333444,1.5,0.0,LA_bl1.5_bo0
2025-06-17,60976.70879446043,50802.3854113277,2466.067403339085,536.6476065666664,1.5,0.0,LA_bl1.5_bo0
2025-06-18,56437.33119636573,50925.7305023434,77.7728983648338,11.502314333333402,1.5,0.0,LA_bl1.5_bo0
2025-06-19,55153.63224822852,47323.36053296287,1188.3956231096686,170.92379066666695,1.5,0.0,LA_bl1.5_bo0
2025-06-20,16965.496717289232,16830.8933868818,126.15040494108369,66.05398563333353,1.5,0.0,LA_bl1.5_bo0
2025-06-21,17139.888968307347,16332.451840032902,478.27417995693247,249.3081701999996,1.5,0.0,LA_bl1.5_bo0
2025-06-22,52756.86298965731,46228.550180638485,323.28575480921813,47.47599670000022,1.5,0.0,LA_bl1.5_bo0
2025-06-23,51214.367023920364,47151.21929897582,1280.3327511352757,340.77789593333154,1.5,0.0,LA_bl1.5_bo0
2025-06-24,59979.573368128404,55792.81105702929,667.8204629207346,110.09562786666682,1.5,0.0,LA_bl1.5_bo0
2025-06-25,55354.37063820154,46901.0522581205,295.15689097033453,42.52069066666684,1.5,0.0,LA_bl1.5_bo0
2025-06-26,52101.484518479134,45740.48536897992,1200.978558531055,220.16735856666838,1.5,0.0,LA_bl1.5_bo0
2025-06-27,17822.673105419843,16330.371022250602,2021.7895904237462,392.06565139999935,1.5,0.0,LA_bl1.5_bo0
2025-06-28,16669.635150202168,15591.726342360202,560.2867058759814,130.5505613666662,1.5,0.0,LA_bl1.5_bo0
2025-06-29,55466.04739621022,45629.092591505,720.5475637525658,260.1092442999994,1.5,0.0,LA_bl1.5_bo0
2025-06-30,51976.998119247226,49164.6201625339,834.8214221965018,118.59820300000024,1.5,0.0,LA_bl1.5_bo0
2025-02-01,17591.4157206757,18291.5197346709,0.0,0.0,1.5,0.2,LA_bl1.5_bo0.2
2025-02-02,62149.259940887445,60524.33771673849,2325.732456095003,367.3076875000005,1.5,0.2,LA_bl1.5_bo0.2
2025-02-03,65967.27126190597,60450.9425203684,4754.891810267175,778.1244827333285,1.5,0.2,LA_bl1.5_bo0.2
2025-02-04,64345.95744166325,62246.754289202,0.0,0.0,1.5,0.2,LA_bl1.5_bo0.2
2025-02-05,66207.11838343147,57062.726944534494,2087.2144732526267,333.8533687333347,1.5,0.2,LA_bl1.5_bo0.2
2025-02-06,63820.38228012012,65183.58474266525,497.334538023802,77.60558030000027,1.5,0.2,LA_bl1.5_bo0.2
2025-02-07,18317.40240317963,18885.379548893998,372.64837755833145,93.13913333333284,1.5,0.2,LA_bl1.5_bo0.2
2025-02-08,16395.410830853514,14416.9775031215,253.58131022385672,52.45310026666461,1.5,0.2,LA_bl1.5_bo0.2
2025-02-09,63512.17388083787,59957.427705926806,892.9551465885958,174.66009573333227,1.5,0.2,LA_bl1.5_bo0.2
2025-02-10,55696.87854981967,54198.719234575794,264.36792048866886,59.407951666667145,1.5,0.2,LA_bl1.5_bo0.2
2025-02-11,59511.10011873518,53367.51374967054,1949.2177074552458,365.78299783333256,1.5,0.2,LA_bl1.5_bo0.2
2025-02-12,58939.22886010112,54759.83156183475,3600.117586588107,669.8790547666648,1.5,0.2,LA_bl1.5_bo0.2
2025-02-13,53498.980335798355,51827.05543733669,360.61214834656175,71.85607989999906,1.5,0.2,LA_bl1.5_bo0.2
2025-02-14,15725.791717904453,14773.258571236702,0.0,0.0,1.5,0.2,LA_bl1.5_bo0.2
2025-02-15,16198.448229303182,15350.5069074499,416.10769966438096,140.67377113333265,1.5,0.2,LA_bl1.5_bo0.2
2025-02-16,57398.31699244977,57453.9932962136,419.76652081723984,81.94651606666471,1.5,0.2,LA_bl1.5_bo0.2
2025-02-17,55497.33223159506,56068.22574304241,1503.676962116321,254.31769396666425,1.5,0.2,LA_bl1.5_bo0.2
2025-02-18,55632.771837679524,45851.74412583336,217.1971660946685,43.383184666667034,1.5,0.2,LA_bl1.5_bo0.2
2025-02-19,56827.810303794584,47463.882069684,2614.9965885694837,525.5229325666597,1.5,0.2,LA_bl1.5_bo0.2
2025-02-20,53739.065152149444,53106.634119123235,466.385384701883,88.43306883333321,1.5,0.2,LA_bl1.5_bo0.2
2025-02-21,14731.468297434503,14665.658616421602,0.0,0.0,1.5,0.2,LA_bl1.5_bo0.2
2025-02-22,15440.9296518656,14550.6969733009,0.0,0.0,1.5,0.2,LA_bl1.5_bo0.2
2025-02-23,53836.51201531921,51372.3605033642,495.90311249346627,110.51094579999713,1.5,0.2,LA_bl1.5_bo0.2
2025-02-24,50379.6428220927,48843.594759098894,1031.384943010297,209.10600749999935,1.5,0.2,LA_bl1.5_bo0.2
2025-02-25,49272.09133226895,47162.0720662409,1037.9206261916465,219.41797103333013,1.5,0.2,LA_bl1.5_bo0.2
2025-02-26,52964.14771603177,44077.24861446781,1184.4112616381735,227.66636683333144,1.5,0.2,LA_bl1.5_bo0.2
2025-02-27,48330.32950982156,45427.32576235799,1026.235662825531,178.92766903333305,1.5,0.2,LA_bl1.5_bo0.2
2025-02-28,14058.254847105898,13876.0412318356,0.0,0.0,1.5,0.2,LA_bl1.5_bo0.2
2025-03-01,16613.633957218888,14825.83303352,2498.7538494284854,538.8921612800011,1.5,0.2,LA_bl1.5_bo0.2
2025-03-02,59117.74945888955,52437.151582443,5582.0016380814795,1015.7392312999991,1.5,0.2,LA_bl1.5_bo0.2
2025-03-03,54430.59372945765,52692.46488064001,1259.1674668605935,290.1880963000013,1.5,0.2,LA_bl1.5_bo0.2
2025-03-04,51238.49822226001,43884.890453169595,3.1064865000005213,0.6247333333334382,1.5,0.2,LA_bl1.5_bo0.2
2025-03-05,47007.50632763182,46251.701839127,330.86538295581715,51.83469699999762,1.5,0.2,LA_bl1.5_bo0.2
2025-03-06,47031.35515746559,44491.757590479,603.4215776655843,195.59240186666398,1.5,0.2,LA_bl1.5_bo0.2
2025-03-07,15016.18572946321,14080.7881941187,1572.461777785961,407.08477836666947,1.5,0.2,LA_bl1.5_bo0.2
2025-03-08,14234.667961224808,12343.1487005809,156.9868527151077,41.11511089999747,1.5,0.2,LA_bl1.5_bo0.2
2025-03-09,45838.21865471045,45449.597302789494,0.0,0.0,1.5,0.2,LA_bl1.5_bo0.2
2025-03-10,51160.07393977575,44945.886332482,1497.8064243794006,281.89570676666136,1.5,0.2,LA_bl1.5_bo0.2
2025-03-11,48899.52150211003,35972.371615674,62.44327459903378,12.97253029999663,1.5,0.2,LA_bl1.5_bo0.2
2025-03-12,45320.56563819416,43147.925155069795,1085.1302325900597,212.23598176665593,1.5,0.2,LA_bl1.5_bo0.2
2025-03-13,49462.177006406695,46380.927446700196,1144.4551698142568,183.05763459999844,1.5,0.2,LA_bl1.5_bo0.2
2025-03-14,12509.522958939995,12423.687134664,0.0,0.0,1.5,0.2,LA_bl1.5_bo0.2
2025-03-15,14351.519160432994,12108.936792895498,1659.654219108646,449.4849968999989,1.5,0.2,LA_bl1.5_bo0.2
2025-03-16,45501.4460420144,43292.2679606775,8.081100000000493,1.6400000000001,1.5,0.2,LA_bl1.5_bo0.2
2025-03-17,41171.63814990585,38705.202927012004,184.8771817538407,37.26566319999208,1.5,0.2,LA_bl1.5_bo0.2
2025-03-18,43499.70047556304,42979.517459367504,11.314950168439088,5.516796766669472,1.5,0.2,LA_bl1.5_bo0.2
2025-03-19,42887.6002334295,36403.898691159,0.0,0.0,1.5,0.2,LA_bl1.5_bo0.2
2025-03-20,44783.26573296871,42706.393294345646,1164.9458395445909,185.2272810999986,1.5,0.2,LA_bl1.5_bo0.2
2025-03-21,13085.330134031383,11617.55993123724,1197.176979589312,351.2320002333321,1.5,0.2,LA_bl1.5_bo0.2
2025-03-22,12005.10989673541,12148.9663179657,0.0,0.0,1.5,0.2,LA_bl1.5_bo0.2
2025-03-23,43866.04984581524,42462.821857823,2173.235164578442,392.7562332666683,1.5,0.2,LA_bl1.5_bo0.2
2025-03-24,41021.09615761069,40033.0366348384,204.6985050038934,84.66069829999701,1.5,0.2,LA_bl1.5_bo0.2
2025-03-25,43266.860534101106,41865.119184909905,0.0,0.0,1.5,0.2,LA_bl1.5_bo0.2
2025-03-26,40586.4176761457,38138.796118461,1856.6532480111507,304.8817391333308,1.5,0.2,LA_bl1.5_bo0.2
2025-03-27,40340.48981080283,40706.491169862,88.58506081882697,33.46021886666492,1.5,0.2,LA_bl1.5_bo0.2
2025-03-28,12765.138269347486,11805.4627955304,1119.7838433325853,267.7307455666671,1.5,0.2,LA_bl1.5_bo0.2
2025-03-29,12234.056314713973,11104.951048615301,714.3248371457761,174.41285533332746,1.5,0.2,LA_bl1.5_bo0.2
2025-03-30,37828.06996643,38799.500580134,0.0,0.0,1.5,0.2,LA_bl1.5_bo0.2
2025-03-31,39159.36980921979,34978.187771007004,189.50766129378258,46.517374033329524,1.5,0.2,LA_bl1.5_bo0.2
2025-04-01,44218.77729246335,40094.976134411,61.585260739346936,9.835237799997003,1.5,0.2,LA_bl1.5_bo0.2
2025-04-02,43835.44978574718,39453.869521414,1936.0812086368533,290.79020856666466,1.5,0.2,LA_bl1.5_bo0.2
2025-04-03,41055.3455789377,41788.009457252505,1054.68046746229,190.70785046666475,1.5,0.2,LA_bl1.5_bo0.2
2025-04-04,11182.084521998482,11017.8960096765,278.2706533344316,67.15835726666626,1.5,0.2,LA_bl1.5_bo0.2
2025-04-05,12093.425132628316,10610.992817130329,718.5216185948127,235.47598543333223,1.5,0.2,LA_bl1.5_bo0.2
2025-04-06,40789.08934070271,38297.073590554995,2017.7935199827086,337.03649859999877,1.5,0.2,LA_bl1.5_bo0.2
2025-04-07,37653.639738207756,33285.539109147794,1212.1631245131161,256.1561897333329,1.5,0.2,LA_bl1.5_bo0.2
2025-04-08,37918.06772351173,35823.997161588195,169.5601197971334,75.26476670000004,1.5,0.2,LA_bl1.5_bo0.2
2025-04-09,42658.35931729064,37283.381368795,2978.062061465587,505.9399760000004,1.5,0.2,LA_bl1.5_bo0.2
2025-04-10,39391.60001931363,37587.238721531205,1273.674399332922,227.34317829999813,1.5,0.2,LA_bl1.5_bo0.2
2025-04-11,11225.19685378377,10040.9721995328,159.28468845291985,97.00403935666438,1.5,0.2,LA_bl1.5_bo0.2
2025-04-12,10469.317936248177,10453.8259152668,108.9839131340627,31.66558483333216,1.5,0.2,LA_bl1.5_bo0.2
2025-04-13,36974.85818126317,35322.836141048,619.4203702496644,118.80464899999924,1.5,0.2,LA_bl1.5_bo0.2
2025-04-14,36982.45264505642,37182.983156959,1392.289833965984,213.95156879999752,1.5,0.2,LA_bl1.5_bo0.2
2025-04-15,34843.312830364004,29890.405899578804,0.0,0.0,1.5,0.2,LA_bl1.5_bo0.2
2025-04-16,40204.09520559686,34710.23577772526,1687.5426364855393,298.3504167333313,1.5,0.2,LA_bl1.5_bo0.2
2025-04-17,38055.2679878797,33019.629068475406,1213.1127632843925,185.66157993333218,1.5,0.2,LA_bl1.5_bo0.2
2025-04-18,10788.6375022762,10261.5009552102,0.0,0.0,1.5,0.2,LA_bl1.5_bo0.2
2025-04-19,10677.91915765997,9615.5666245222,0.0,0.0,1.5,0.2,LA_bl1.5_bo0.2
2025-04-20,35924.13449522419,32890.433898447394,0.0,0.0,1.5,0.2,LA_bl1.5_bo0.2
2025-04-21,34923.25006341032,34199.0572923605,1443.3493971569228,304.6407778999983,1.5,0.2,LA_bl1.5_bo0.2
2025-04-22,36037.4538485795,29983.9555450286,0.0,0.0,1.5,0.2,LA_bl1.5_bo0.2
2025-04-23,36971.37675765492,29845.258742209502,670.2619061603714,113.21621489999575,1.5,0.2,LA_bl1.5_bo0.2
2025-04-24,35203.69513818174,31334.097785934002,2102.8497628130403,327.4405502000009,1.5,0.2,LA_bl1.5_bo0.2
2025-04-25,10156.485740112601,9515.397949838301,651.0034027540609,206.81088249999837,1.5,0.2,LA_bl1.5_bo0.2
2025-04-26,10835.156699175393,9390.8659973461,779.2569947370424,234.87764356666457,1.5,0.2,LA_bl1.5_bo0.2
2025-04-27,35150.16821944621,30294.5872745194,1222.8773576544606,218.60383966666546,1.5,0.2,LA_bl1.5_bo0.2
2025-04-28,40477.95263594478,36911.9234969799,382.3271563153223,99.25033430000079,1.5,0.2,LA_bl1.5_bo0.2
2025-04-29,34164.55288682171,29171.46702638858,247.95225179720023,37.4663420666667,1.5,0.2,LA_bl1.5_bo0.2
2025-04-30,33312.788871137906,28341.822460370407,1602.8514490690004,276.30084253333337,1.5,0.2,LA_bl1.5_bo0.2
2025-05-01,49861.69337725616,31914.6787133089,13396.993694683315,2649.51945333333,1.5,0.2,LA_bl1.5_bo0.2
2025-05-02,15096.995738645366,11799.80441896154,2870.9023249850325,707.6891742333329,1.5,0.2,LA_bl1.5_bo0.2
2025-05-03,16052.695174377357,10659.5499403391,4786.475539081506,1057.411934233331,1.5,0.2,LA_bl1.5_bo0.2
2025-05-04,42330.345141599864,34531.410761837,7261.451602605763,1405.901586999999,1.5,0.2,LA_bl1.5_bo0.2
2025-05-05,39736.81346932113,37673.135859795104,2212.6869169935308,349.12006633333044,1.5,0.2,LA_bl1.5_bo0.2
2025-05-06,40110.04607465128,32090.818345343,61.52293590458741,26.526776833335063,1.5,0.2,LA_bl1.5_bo0.2
2025-05-07,41470.8240137405,34684.633048699005,1562.5268518719938,254.98107000000147,1.5,0.2,LA_bl1.5_bo0.2
2025-05-08,39114.33727087845,38382.1409622406,56.2681610394725,8.598435366667559,1.5,0.2,LA_bl1.5_bo0.2
2025-05-09,13115.77280260247,12797.7632751218,0.0,0.0,1.5,0.2,LA_bl1.5_bo0.2
2025-05-10,11738.351393494493,11475.284709502197,8.042189414395809,3.998105599997917,1.5,0.2,LA_bl1.5_bo0.2
2025-05-11,42208.51957297398,36104.873478292,2962.9805078449767,434.66842333333,1.5,0.2,LA_bl1.5_bo0.2
2025-05-12,38846.583544058536,32580.643052098098,0.0,0.0,1.5,0.2,LA_bl1.5_bo0.2
2025-05-13,39770.28971096004,34342.7384864244,2703.3419887987393,432.41527366666253,1.5,0.2,LA_bl1.5_bo0.2
2025-05-14,37364.79619760486,34562.856165373,380.4335197184115,155.15878323333226,1.5,0.2,LA_bl1.5_bo0.2
2025-05-15,38613.2521567133,36222.3649012046,61.84753150000003,28.435646666666685,1.5,0.2,LA_bl1.5_bo0.2
2025-05-16,11899.132482840876,11192.5508614838,466.832064111136,264.221454533334,1.5,0.2,LA_bl1.5_bo0.2
2025-05-17,12713.088800815001,11059.62016503965,683.7567425195756,144.18772709999848,1.5,0.2,LA_bl1.5_bo0.2
2025-05-18,38325.3230138741,37738.046515759,34.42846500000008,5.236666666666679,1.5,0.2,LA_bl1.5_bo0.2
2025-05-19,37408.84242572686,33108.71261607375,3149.098900174172,489.6481330999983,1.5,0.2,LA_bl1.5_bo0.2
2025-05-20,39721.7133939697,32184.742738755605,2253.627064170396,399.81996223332925,1.5,0.2,LA_bl1.5_bo0.2
2025-05-21,39200.487618429994,31317.1262208708,1314.604566026192,327.7510767999984,1.5,0.2,LA_bl1.5_bo0.2
2025-05-22,36066.985465931335,33477.7873072358,803.0419778774345,137.56670940000015,1.5,0.2,LA_bl1.5_bo0.2
2025-05-23,12159.352443235251,10680.6748101988,169.28002114665372,39.37319999999744,1.5,0.2,LA_bl1.5_bo0.2
2025-05-24,11518.593873595064,11180.93153207826,27.08947830000237,6.023900000000527,1.5,0.2,LA_bl1.5_bo0.2
2025-05-25,36449.38949860964,33709.944666288,1140.1062328831404,202.79772899999838,1.5,0.2,LA_bl1.5_bo0.2
2025-05-26,39988.944525343475,32831.3143870775,1028.0081804079248,189.97245969999864,1.5,0.2,LA_bl1.5_bo0.2
2025-05-27,36787.01903364153,30296.0227344478,524.3304913907375,85.21769923333119,1.5,0.2,LA_bl1.5_bo0.2
2025-05-28,37292.87534477933,33618.2012469918,405.3812328446814,66.92761563333019,1.5,0.2,LA_bl1.5_bo0.2
2025-05-29,42335.066283278284,34375.042355923404,1157.2275048476117,174.57190759999918,1.5,0.2,LA_bl1.5_bo0.2
2025-05-30,11839.593976443099,11344.7109716709,0.0,0.0,1.5,0.2,LA_bl1.5_bo0.2
2025-05-31,11494.00826696962,11508.41703241022,356.07381094801065,68.56803600000205,1.5,0.2,LA_bl1.5_bo0.2
2025-06-01,68175.2190878279,48975.940179196,10453.66759055498,2192.7860273533356,1.5,0.2,LA_bl1.5_bo0.2
2025-06-02,57576.92526087931,53022.42218562595,4427.437844920524,1003.3299417999958,1.5,0.2,LA_bl1.5_bo0.2
2025-06-03,61242.15299807621,46639.734658181005,8192.391178996051,1360.4064853999998,1.5,0.2,LA_bl1.5_bo0.2
2025-06-04,57149.2316907549,57021.62313266676,1700.6233903043408,301.42718486666786,1.5,0.2,LA_bl1.5_bo0.2
2025-06-05,56760.17567964566,50241.905091733126,1702.5383708235306,280.209271866665,1.5,0.2,LA_bl1.5_bo0.2
2025-06-06,27221.906144170844,15836.456257249702,7693.994019434341,2153.7354904666618,1.5,0.2,LA_bl1.5_bo0.2
2025-06-07,20867.178658196302,18299.077500765758,2330.171538825438,380.7846077333333,1.5,0.2,LA_bl1.5_bo0.2
2025-06-08,50108.4996490525,48837.2638968041,53.26724692500071,7.63549566666677,1.5,0.2,LA_bl1.5_bo0.2
2025-06-09,56498.24151925487,55589.14338119461,1814.2609341481625,260.2117003333327,1.5,0.2,LA_bl1.5_bo0.2
2025-06-10,57521.68649993029,49795.776891559406,2355.379486634299,539.1980515999995,1.5,0.2,LA_bl1.5_bo0.2
2025-06-11,59843.336894423344,53414.53056635979,218.16764333339984,80.3825395999996,1.5,0.2,LA_bl1.5_bo0.2
2025-06-12,55355.5137517236,53610.0232250129,6.910471004999897,0.9846529999999802,1.5,0.2,LA_bl1.5_bo0.2
2025-06-13,18636.334573698754,18913.222966089103,0.0,0.0,1.5,0.2,LA_bl1.5_bo0.2
2025-06-14,18755.765077528606,17700.9633868318,1002.5683054216634,172.27853666666613,1.5,0.2,LA_bl1.5_bo0.2
2025-06-15,54961.645235077485,49388.9150914317,284.0902548263336,41.093014666666704,1.5,0.2,LA_bl1.5_bo0.2
2025-06-16,57500.723971691645,51621.704214331105,807.3936097168391,122.24181833333444,1.5,0.2,LA_bl1.5_bo0.2
2025-06-17,60612.92149496423,51704.20623911409,2466.067403339085,536.6476065666664,1.5,0.2,LA_bl1.5_bo0.2
2025-06-18,56374.898419232915,51808.71521282065,77.7728983648338,11.502314333333402,1.5,0.2,LA_bl1.5_bo0.2
2025-06-19,55236.49751546801,48103.34643799763,1188.3956231096686,170.92379066666695,1.5,0.2,LA_bl1.5_bo0.2
2025-06-20,16993.22987096748,16941.6224342299,126.15040494108369,66.05398563333353,1.5,0.2,LA_bl1.5_bo0.2
2025-06-21,17092.119315699983,16442.7397090526,478.27417995693247,249.3081701999996,1.5,0.2,LA_bl1.5_bo0.2
2025-06-22,52410.740781752516,47087.311194215494,322.691442802218,47.388039900000194,1.5,0.2,LA_bl1.5_bo0.2
2025-06-23,50963.490619880904,47935.193748676524,1280.2684343758601,340.77789613332834,1.5,0.2,LA_bl1.5_bo0.2
2025-06-24,60055.98808133985,56727.36027979881,667.8204629207346,110.09562786666682,1.5,0.2,LA_bl1.5_bo0.2
2025-06-25,55035.38927334774,47768.6050413561,295.15689097033453,42.52069066666684,1.5,0.2,LA_bl1.5_bo0.2
2025-06-26,51867.527943301684,46516.552148868795,1200.978558531055,220.16735856666838,1.5,0.2,LA_bl1.5_bo0.2
2025-06-27,17900.11726921289,16460.9235465467,2021.7895904237462,392.06565139999935,1.5,0.2,LA_bl1.5_bo0.2
2025-06-28,16620.187912138226,15713.520263559081,560.2867058759814,130.5505613666662,1.5,0.2,LA_bl1.5_bo0.2
2025-06-29,55186.650968630805,46406.50109695715,720.3030607235654,260.1092432999992,1.5,0.2,LA_bl1.5_bo0.2
2025-06-30,51565.761738504996,50030.3625197883,834.4315169770016,118.54224500000021,1.5,0.2,LA_bl1.5_bo0.2
2025-02-01,17859.95758815215,18785.5856719058,0.0,0.0,1.5,0.5,LA_bl1.5_bo0.5
2025-02-02,62615.89284075939,61523.3879465612,2325.732456095003,367.3076875000005,1.5,0.5,LA_bl1.5_bo0.5
2025-02-03,66364.41866245017,61465.282309048795,4754.891753097175,778.1244727333284,1.5,0.5,LA_bl1.5_bo0.5
2025-02-04,64449.518707772746,63258.786410251996,0.0,0.0,1.5,0.5,LA_bl1.5_bo0.5
2025-02-05,65893.85171143447,58099.685929708896,2087.2144732526267,333.8533687333347,1.5,0.5,LA_bl1.5_bo0.5
2025-02-06,64370.04109548273,66205.07730120726,527.7753238478022,83.2805963000003,1.5,0.5,LA_bl1.5_bo0.5
2025-02-07,18594.500353292635,19346.263821011,372.64837755833145,93.13913333333284,1.5,0.5,LA_bl1.5_bo0.5
2025-02-08,16300.392978297621,14536.3087999269,253.58130828806205,52.45309986666571,1.5,0.5,LA_bl1.5_bo0.5
2025-02-09,63310.55622775518,61039.91288238761,892.9551465885958,174.66009573333227,1.5,0.5,LA_bl1.5_bo0.5
2025-02-10,55894.49435407037,55212.9534382766,264.36792048866886,59.407951666667145,1.5,0.5,LA_bl1.5_bo0.5
2025-02-11,59648.402577275345,54382.6919892844,1949.2177074552458,365.78299783333256,1.5,0.5,LA_bl1.5_bo0.5
2025-02-12,58661.296031183716,55771.3866603043,2688.0130376845013,500.3954347666638,1.5,0.5,LA_bl1.5_bo0.5
2025-02-13,53485.143500886916,52821.2575121426,360.61214834656175,71.85607989999906,1.5,0.5,LA_bl1.5_bo0.5
2025-02-14,15778.38652817205,14982.7288333215,0.0,0.0,1.5,0.5,LA_bl1.5_bo0.5
2025-02-15,16360.586401427565,15812.3784738684,416.1077110077284,140.673774033332,1.5,0.5,LA_bl1.5_bo0.5
2025-02-16,57730.30915212188,58510.0037981595,361.7149324839059,70.65243273333127,1.5,0.5,LA_bl1.5_bo0.5
2025-02-17,55960.939783790884,57116.5123894972,1503.6769632035537,254.31769413332825,1.5,0.5,LA_bl1.5_bo0.5
2025-02-18,55146.98737684092,46862.670679967705,217.1971660946685,43.383184666667034,1.5,0.5,LA_bl1.5_bo0.5
2025-02-19,56323.09376544895,48465.5363497154,2614.996583217547,525.5229315999954,1.5,0.5,LA_bl1.5_bo0.5
2025-02-20,54127.791079156465,54159.68447528625,466.385384701883,88.43306883333321,1.5,0.5,LA_bl1.5_bo0.5
2025-02-21,14788.8363824071,14793.2613210585,0.0,0.0,1.5,0.5,LA_bl1.5_bo0.5
2025-02-22,15394.103639132349,14713.1968882856,0.0,0.0,1.5,0.5,LA_bl1.5_bo0.5
2025-02-23,53748.729147898164,52458.1305443487,495.90311249346627,110.51094579999713,1.5,0.5,LA_bl1.5_bo0.5
2025-02-24,50782.837953081544,49793.35646474775,1020.4177640347971,206.95957849999934,1.5,0.5,LA_bl1.5_bo0.5
2025-02-25,49691.15595815699,48138.005533961,1037.9206261916465,219.41797103333013,1.5,0.5,LA_bl1.5_bo0.5
2025-02-26,52502.46655535253,45000.0135464948,1184.4112799799211,227.666370333331,1.5,0.5,LA_bl1.5_bo0.5
2025-02-27,48223.974426017536,46359.77125785119,1013.9725260695415,176.5297150333346,1.5,0.5,LA_bl1.5_bo0.5
2025-02-28,14042.449481449134,13969.212803406299,0.0,0.0,1.5,0.5,LA_bl1.5_bo0.5
2025-03-01,16888.055147082185,15307.988297488599,2498.7538494284854,538.8921612800011,1.5,0.5,LA_bl1.5_bo0.5
2025-03-02,59503.337382712736,53566.39246425297,5582.0016380814795,1015.7392312999991,1.5,0.5,LA_bl1.5_bo0.5
2025-03-03,54847.69971403363,53819.21607710299,1259.1674668605935,290.1880963000013,1.5,0.5,LA_bl1.5_bo0.5
2025-03-04,51009.560020213,44851.4344360216,3.1064865000005213,0.6247333333334382,1.5,0.5,LA_bl1.5_bo0.5
2025-03-05,47484.49166191108,47271.554203993,330.8653490280773,51.83469189999914,1.5,0.5,LA_bl1.5_bo0.5
2025-03-06,47292.307908206756,45465.108654594995,603.4216063247645,195.5924061333277,1.5,0.5,LA_bl1.5_bo0.5
2025-03-07,15051.828658164759,14265.838043251799,1490.6393095859607,382.7038283666694,1.5,0.5,LA_bl1.5_bo0.5
2025-03-08,14158.30487530466,12442.4115675738,156.98687172580978,41.115116299998064,1.5,0.5,LA_bl1.5_bo0.5
2025-03-09,45966.19643523365,46442.5663465299,0.0,0.0,1.5,0.5,LA_bl1.5_bo0.5
2025-03-10,50599.59864701125,45985.857358814596,1497.8064243794006,281.89570676666136,1.5,0.5,LA_bl1.5_bo0.5
2025-03-11,48517.22477664404,36736.965066606004,62.44327459903378,12.97253029999663,1.5,0.5,LA_bl1.5_bo0.5
2025-03-12,45413.603448332215,44121.1423810957,1085.1302325900597,212.23598176665593,1.5,0.5,LA_bl1.5_bo0.5
2025-03-13,49587.16422777909,47385.516779741796,1144.455167670593,183.05763426666556,1.5,0.5,LA_bl1.5_bo0.5
2025-03-14,12487.293663078495,12533.482206748,0.0,0.0,1.5,0.5,LA_bl1.5_bo0.5
2025-03-15,14301.039297002748,12183.059751697801,1659.654219108646,449.4849968999989,1.5,0.5,LA_bl1.5_bo0.5
2025-03-16,45561.70137500561,44259.2981826562,8.081100000000493,1.6400000000001,1.5,0.5,LA_bl1.5_bo0.5
2025-03-17,41000.50218656502,39509.276049985216,49.526165338804105,10.257569266664746,1.5,0.5,LA_bl1.5_bo0.5
2025-03-18,43896.22840951885,43984.6877392505,11.314936495100845,5.516790100000412,1.5,0.5,LA_bl1.5_bo0.5
2025-03-19,42482.95713765249,37231.33249656099,0.0,0.0,1.5,0.5,LA_bl1.5_bo0.5
2025-03-20,45135.786696294286,43700.5484453528,1164.9458395445909,185.2272810999986,1.5,0.5,LA_bl1.5_bo0.5
2025-03-21,13082.588193180209,11719.97917405,1194.3596814103096,351.23200123333163,1.5,0.5,LA_bl1.5_bo0.5
2025-03-22,12064.764673959458,12244.742628573798,0.0,0.0,1.5,0.5,LA_bl1.5_bo0.5
2025-03-23,44078.10952535125,43435.927138296,2173.235164578442,392.7562332666683,1.5,0.5,LA_bl1.5_bo0.5
2025-03-24,41172.105621368995,40951.116709183,204.6985050038934,84.66069829999701,1.5,0.5,LA_bl1.5_bo0.5
2025-03-25,43670.1373881302,42897.023379177204,0.0,0.0,1.5,0.5,LA_bl1.5_bo0.5
2025-03-26,40928.18440624371,38870.528166605,1856.6532705459085,304.881742633332,1.5,0.5,LA_bl1.5_bo0.5
2025-03-27,40796.91726498683,41691.390282319,88.40220882682604,33.41330366666468,1.5,0.5,LA_bl1.5_bo0.5
2025-03-28,12832.285054486545,11893.21040920346,1119.7838433325853,267.7307455666671,1.5,0.5,LA_bl1.5_bo0.5
2025-03-29,12213.342547961991,11174.251479889901,714.3248304548254,174.41285369999395,1.5,0.5,LA_bl1.5_bo0.5
2025-03-30,38213.372305064506,39714.59435502,0.0,0.0,1.5,0.5,LA_bl1.5_bo0.5
2025-03-31,38707.906506702595,35755.760829194,189.50765236274873,46.51737209999608,1.5,0.5,LA_bl1.5_bo0.5
2025-04-01,43959.19590429035,41093.642525958,61.585260739346936,9.835237799997003,1.5,0.5,LA_bl1.5_bo0.5
2025-04-02,43470.23879207557,40457.4194578658,1934.6121788614569,290.5695672666652,1.5,0.5,LA_bl1.5_bo0.5
2025-04-03,41562.17101634922,42746.602387168845,1054.68046746229,190.70785046666475,1.5,0.5,LA_bl1.5_bo0.5
2025-04-04,11349.40478514988,11097.340806552722,394.8452358777684,95.29268393333376,1.5,0.5,LA_bl1.5_bo0.5
2025-04-05,12033.917122151877,10682.486627583,718.5216185948059,235.47598543333058,1.5,0.5,LA_bl1.5_bo0.5
2025-04-06,41005.52016934971,39208.709915119995,2017.7935199827086,337.03649859999877,1.5,0.5,LA_bl1.5_bo0.5
2025-04-07,37522.366752538896,34081.291487775416,1212.1631245131161,256.1561897333329,1.5,0.5,LA_bl1.5_bo0.5
2025-04-08,38241.11665341693,36674.2244825346,169.5601197971334,75.26476670000004,1.5,0.5,LA_bl1.5_bo0.5
2025-04-09,42476.16210781213,38251.644929983,2978.062061465587,505.9399760000004,1.5,0.5,LA_bl1.5_bo0.5
2025-04-10,39405.68818226234,38399.723159894,1277.4328810589398,227.9221188000009,1.5,0.5,LA_bl1.5_bo0.5
2025-04-11,11183.144877636225,10097.3764772232,159.28468845291985,97.00403935666438,1.5,0.5,LA_bl1.5_bo0.5
2025-04-12,10494.187263531181,10560.16173231441,108.9839131340627,31.66558483333216,1.5,0.5,LA_bl1.5_bo0.5
2025-04-13,36985.19080860029,36171.972578627494,619.4203462880454,118.80464539999639,1.5,0.5,LA_bl1.5_bo0.5
2025-04-14,37433.80683097598,38082.406306059,1392.289833965984,213.95156879999752,1.5,0.5,LA_bl1.5_bo0.5
2025-04-15,34990.950673092804,30578.302263463003,0.0,0.0,1.5,0.5,LA_bl1.5_bo0.5
2025-04-16,39950.9850746271,35629.97828696211,1687.5426364855393,298.3504167333313,1.5,0.5,LA_bl1.5_bo0.5
2025-04-17,38068.55469405529,33801.340025902,1213.1127632843925,185.66157993333218,1.5,0.5,LA_bl1.5_bo0.5
2025-04-18,10795.3970060016,10335.6877283374,0.0,0.0,1.5,0.5,LA_bl1.5_bo0.5
2025-04-19,10688.06410102822,9701.8508406267,0.0,0.0,1.5,0.5,LA_bl1.5_bo0.5
2025-04-20,35994.21692979527,33685.5965888395,0.0,0.0,1.5,0.5,LA_bl1.5_bo0.5
2025-04-21,35298.88223022657,34966.590873076995,1443.3493971569228,304.6407778999983,1.5,0.5,LA_bl1.5_bo0.5
2025-04-22,35839.65814256125,30301.7929632799,0.0,0.0,1.5,0.5,LA_bl1.5_bo0.5
2025-04-23,36834.54508222032,30148.512076079103,669.8023577471711,113.15024469999571,1.5,0.5,LA_bl1.5_bo0.5
2025-04-24,35216.541946582096,31999.069397947304,2102.8497628130403,327.4405502000009,1.5,0.5,LA_bl1.5_bo0.5
2025-04-25,10071.564562437801,9589.160021916701,548.3115698840606,182.43589249999835,1.5,0.5,LA_bl1.5_bo0.5
2025-04-26,10691.114561198689,9465.03674530164,658.4314786437085,206.0856702333311,1.5,0.5,LA_bl1.5_bo0.5
2025-04-27,35231.07283771532,30895.460869198418,1222.8773576544606,218.60383966666546,1.5,0.5,LA_bl1.5_bo0.5
2025-04-28,40374.42829583783,38000.073905241006,382.3271563153223,99.25033430000079,1.5,0.5,LA_bl1.5_bo0.5
2025-04-29,33793.8158781307,29942.904005133198,247.95225179720023,37.4663420666667,1.5,0.5,LA_bl1.5_bo0.5
2025-04-30,33202.059924689056,28644.8219261798,1621.2924169780058,279.1237997333342,1.5,0.5,LA_bl1.5_bo0.5
2025-05-01,49830.214380875914,32697.130471315395,13393.704435283316,2649.0092533333304,1.5,0.5,LA_bl1.5_bo0.5
2025-05-02,15027.99976867484,11925.7931255418,2856.596520834588,707.1986542333339,1.5,0.5,LA_bl1.5_bo0.5
2025-05-03,15989.420339753808,10751.1922229242,4786.475539081506,1057.411934233331,1.5,0.5,LA_bl1.5_bo0.5
2025-05-04,42766.81105630385,35397.028748375,7255.214748205752,1404.9508469999969,1.5,0.5,LA_bl1.5_bo0.5
2025-05-05,40136.85762475134,38548.62762293201,2200.4692947553867,347.3050737999955,1.5,0.5,LA_bl1.5_bo0.5
2025-05-06,40056.995935253326,32424.102508809297,61.52293590458741,26.526776833335063,1.5,0.5,LA_bl1.5_bo0.5
2025-05-07,41234.08808483834,35076.197993232,1562.5268738111818,254.98107319999968,1.5,0.5,LA_bl1.5_bo0.5
2025-05-08,39300.454835586075,39361.0942619846,56.2681610394725,8.598435366667559,1.5,0.5,LA_bl1.5_bo0.5
2025-05-09,13098.14581790562,12911.2609730763,0.0,0.0,1.5,0.5,LA_bl1.5_bo0.5
2025-05-10,11759.070231213494,11570.534318108199,8.042189414395809,3.998105599997917,1.5,0.5,LA_bl1.5_bo0.5
2025-05-11,41917.32039131948,37054.302096543004,2962.9805078449767,434.66842333333,1.5,0.5,LA_bl1.5_bo0.5
2025-05-12,39027.266111754085,33468.8086748148,0.0,0.0,1.5,0.5,LA_bl1.5_bo0.5
2025-05-13,40031.63827157735,35314.71384052381,2703.3419887987393,432.41527366666253,1.5,0.5,LA_bl1.5_bo0.5
2025-05-14,37104.68456155623,35439.61956376,378.5625691064808,154.79929613333593,1.5,0.5,LA_bl1.5_bo0.5
2025-05-15,38694.23870135855,37080.516331535604,61.84753150000003,28.435646666666685,1.5,0.5,LA_bl1.5_bo0.5
2025-05-16,11922.694052839535,11293.73049489212,466.832064111136,264.221454533334,1.5,0.5,LA_bl1.5_bo0.5
2025-05-17,12687.683046626775,11170.3714917088,683.7567425195756,144.18772709999848,1.5,0.5,LA_bl1.5_bo0.5
2025-05-18,38193.3863317203,38690.464217798595,34.42846500000008,5.236666666666679,1.5,0.5,LA_bl1.5_bo0.5
2025-05-19,37493.88370803102,33774.181864780665,3138.392570665612,488.09277179999685,1.5,0.5,LA_bl1.5_bo0.5
2025-05-20,39212.96614037385,33057.06449769037,2247.9739600179414,398.97444859999774,1.5,0.5,LA_bl1.5_bo0.5
2025-05-21,38818.653978302646,32041.1464386312,1314.604566026192,327.7510767999984,1.5,0.5,LA_bl1.5_bo0.5
2025-05-22,35827.58857643944,34206.640458868,803.0419778774345,137.56670940000015,1.5,0.5,LA_bl1.5_bo0.5
2025-05-23,12099.996331783303,10766.3087102547,169.28002114665372,39.37319999999744,1.5,0.5,LA_bl1.5_bo0.5
2025-05-24,11543.605573196151,11275.9482480094,27.08947830000237,6.023900000000527,1.5,0.5,LA_bl1.5_bo0.5
2025-05-25,36693.81465728814,34560.53800217302,1135.4036147491315,202.13040699999712,1.5,0.5,LA_bl1.5_bo0.5
2025-05-26,39335.22912970727,33672.100045342,1028.0081804079248,189.97245969999864,1.5,0.5,LA_bl1.5_bo0.5
2025-05-27,36678.27871772468,30619.011519447897,524.3304913907375,85.21769923333119,1.5,0.5,LA_bl1.5_bo0.5
2025-05-28,37516.43985117619,34560.83442317107,421.7972886696747,69.38676563332919,1.5,0.5,LA_bl1.5_bo0.5
2025-05-29,42137.1230511795,35237.3684625683,1157.227553318034,174.5719148000025,1.5,0.5,LA_bl1.5_bo0.5
2025-05-30,11770.236705318108,11450.02894311118,0.0,0.0,1.5,0.5,LA_bl1.5_bo0.5
2025-05-31,11582.589802360759,11656.7086286405,356.07381094801065,68.56803600000205,1.5,0.5,LA_bl1.5_bo0.5
2025-06-01,68403.54104728883,50354.78040847189,10453.66759055498,2192.7860273533356,1.5,0.5,LA_bl1.5_bo0.5
2025-06-02,58089.06955591381,54313.50597043295,4427.437844920527,1003.3299417999963,1.5,0.5,LA_bl1.5_bo0.5
2025-06-03,61099.65625528121,47862.68791116901,8192.391178996051,1360.4064853999998,1.5,0.5,LA_bl1.5_bo0.5
2025-06-04,57672.237017556,58334.28628762816,1700.6233903043408,301.42718486666786,1.5,0.5,LA_bl1.5_bo0.5
2025-06-05,56309.677848583655,51543.73474961512,1702.5383708235306,280.209271866665,1.5,0.5,LA_bl1.5_bo0.5
2025-06-06,27246.880478046638,16065.501272493577,7693.994051116852,2153.7354954666635,1.5,0.5,LA_bl1.5_bo0.5
2025-06-07,21114.43577630793,19022.612048031195,2325.7793118254367,380.0981077333331,1.5,0.5,LA_bl1.5_bo0.5
2025-06-08,50261.352143643155,50028.6773187138,53.26724692500071,7.63549566666677,1.5,0.5,LA_bl1.5_bo0.5
2025-06-09,57124.62606173707,56946.87021044181,1814.2609341481625,260.2117003333327,1.5,0.5,LA_bl1.5_bo0.5
2025-06-10,57064.56595499879,50984.77799053442,2355.379486634299,539.1980515999995,1.5,0.5,LA_bl1.5_bo0.5
2025-06-11,59101.09294861404,54777.57331597729,218.16764333339984,80.3825395999996,1.5,0.5,LA_bl1.5_bo0.5
2025-06-12,54697.738646226,54968.292645851994,6.910471004999897,0.9846529999999802,1.5,0.5,LA_bl1.5_bo0.5
2025-06-13,18788.00635348977,19170.65075174914,0.0,0.0,1.5,0.5,LA_bl1.5_bo0.5
2025-06-14,18973.112760788208,18218.400846932003,1002.5683054216634,172.27853666666613,1.5,0.5,LA_bl1.5_bo0.5
2025-06-15,54551.52507684904,50598.3359223019,331.715858760833,47.93130766666661,1.5,0.5,LA_bl1.5_bo0.5
2025-06-16,57484.66393280874,52959.753749981595,807.3936097168391,122.24181833333444,1.5,0.5,LA_bl1.5_bo0.5
2025-06-17,60487.08059052698,53042.6686143996,2466.067403339085,536.6476065666664,1.5,0.5,LA_bl1.5_bo0.5
2025-06-18,56325.75702390848,53107.2548219453,77.7728983648338,11.502314333333402,1.5,0.5,LA_bl1.5_bo0.5
2025-06-19,55440.938719021884,49316.558052462555,1188.3956231096686,170.92379066666695,1.5,0.5,LA_bl1.5_bo0.5
2025-06-20,17050.07000374533,17122.8055110678,126.15040494108369,66.05398563333353,1.5,0.5,LA_bl1.5_bo0.5
2025-06-21,17075.834676291037,16610.7881221376,478.27417995693247,249.3081701999996,1.5,0.5,LA_bl1.5_bo0.5
2025-06-22,51959.20726286177,48395.31669949105,321.79995979041814,47.256102500000225,1.5,0.5,LA_bl1.5_bo0.5
2025-06-23,50472.00308846157,49101.7584238005,1275.7023692398757,339.8800276333315,1.5,0.5,LA_bl1.5_bo0.5
2025-06-24,60239.8162651015,58134.28677059132,667.8204629207346,110.09562786666682,1.5,0.5,LA_bl1.5_bo0.5
2025-06-25,54532.58799148274,49026.3255251926,295.15689097033453,42.52069066666684,1.5,0.5,LA_bl1.5_bo0.5
2025-06-26,51496.090901185016,47622.33158508914,1200.978558531055,220.16735856666838,1.5,0.5,LA_bl1.5_bo0.5
2025-06-27,18019.11083718839,16662.4069731977,2021.7895904237462,392.06565139999935,1.5,0.5,LA_bl1.5_bo0.5
2025-06-28,16682.395200457282,15902.992991810403,560.2867058759814,130.5505613666662,1.5,0.5,LA_bl1.5_bo0.5
2025-06-29,54716.672963935154,47596.356383921644,719.9363127835653,260.1092452999991,1.5,0.5,LA_bl1.5_bo0.5
2025-06-30,52061.63617653164,51382.161216242195,877.0359080035009,124.50764600000014,1.5,0.5,LA_bl1.5_bo0.5
2025-02-01,18235.88712447175,19556.999941508,0.0,0.0,1.5,1.0,LA_bl1.5_bo1
2025-02-02,63439.825361415074,63233.84127741454,2325.732456095003,367.3076875000005,1.5,1.0,LA_bl1.5_bo1
2025-02-03,67124.19305757042,63168.1341310843,4754.891753097175,778.1244727333284,1.5,1.0,LA_bl1.5_bo1
2025-02-04,65262.4126784458,64942.6506859351,0.0,0.0,1.5,1.0,LA_bl1.5_bo1
2025-02-05,65882.83625843131,59818.929824848,2087.2144732526267,333.8533687333347,1.5,1.0,LA_bl1.5_bo1
2025-02-06,65253.33737460553,67932.92113013286,527.7753238478022,83.2805963000003,1.5,1.0,LA_bl1.5_bo1
2025-02-07,19079.64100746613,20159.528510591997,372.64837755833145,93.13913333333284,1.5,1.0,LA_bl1.5_bo1
2025-02-08,16143.360514824737,14745.919538039958,253.58130780410985,52.45309976666526,1.5,1.0,LA_bl1.5_bo1
2025-02-09,63582.87799709757,62857.6890281118,892.9551465885958,174.66009573333227,1.5,1.0,LA_bl1.5_bo1
2025-02-10,56550.03337087062,56905.3008904451,264.36792048866886,59.407951666667145,1.5,1.0,LA_bl1.5_bo1
2025-02-11,59943.217926949605,56054.77908645065,1949.2177074552458,365.78299783333256,1.5,1.0,LA_bl1.5_bo1
2025-02-12,58470.08864533431,57481.3391987498,1575.5010981953467,298.830194766663,1.5,1.0,LA_bl1.5_bo1
2025-02-13,54046.28584343357,54480.3832886373,360.61214834656175,71.85607989999906,1.5,1.0,LA_bl1.5_bo1
2025-02-14,16085.951303921762,15772.349208222082,0.0,0.0,1.5,1.0,LA_bl1.5_bo1
2025-02-15,16641.04587600536,16636.473929008243,416.10771531038387,140.67377513333338,1.5,1.0,LA_bl1.5_bo1
2025-02-16,58590.37705681844,60274.82558422636,361.7149324839059,70.65243273333127,1.5,1.0,LA_bl1.5_bo1
2025-02-17,56806.573320056385,58859.0580746014,1503.676951896154,254.31769239999494,1.5,1.0,LA_bl1.5_bo1
2025-02-18,54286.20535213197,48606.1465949826,217.1971660946685,43.383184666667034,1.5,1.0,LA_bl1.5_bo1
2025-02-19,55586.106713323265,50170.15292709,2598.0168561706596,522.4560613666554,1.5,1.0,LA_bl1.5_bo1
2025-02-20,54891.80428571044,55945.45509396019,466.385384701883,88.43306883333321,1.5,1.0,LA_bl1.5_bo1
2025-02-21,15027.14476190175,15113.4891125519,0.0,0.0,1.5,1.0,LA_bl1.5_bo1
2025-02-22,15528.235439592348,15357.648722540998,0.0,0.0,1.5,1.0,LA_bl1.5_bo1
2025-02-23,54135.48993030312,54236.69594273818,495.90311249346627,110.51094579999713,1.5,1.0,LA_bl1.5_bo1
2025-02-24,51642.8030826909,51419.8758216571,1002.1391307057974,203.3821964999994,1.5,1.0,LA_bl1.5_bo1
2025-02-25,50432.80584120095,49809.6596150469,1037.9206261916465,219.41797103333013,1.5,1.0,LA_bl1.5_bo1
2025-02-26,51705.65801068657,46608.340303664896,1184.4112233825235,227.66635953333144,1.5,1.0,LA_bl1.5_bo1
2025-02-27,48581.90654421963,47984.881499487,1046.8335486845313,182.9848436333331,1.5,1.0,LA_bl1.5_bo1
2025-02-28,14031.693250859786,14128.7175210528,0.0,0.0,1.5,1.0,LA_bl1.5_bo1
2025-03-01,17329.796903750583,16083.8215362754,2498.7538494284854,538.8921612800011,1.5,1.0,LA_bl1.5_bo1
2025-03-02,60159.40069997079,55469.37583140452,5582.0016380814795,1015.7392312999991,1.5,1.0,LA_bl1.5_bo1
2025-03-03,55525.19724928194,55656.4075720556,1259.1674668605935,290.1880963000013,1.5,1.0,LA_bl1.5_bo1
2025-03-04,50745.47308826711,46497.9127538744,3.1064865000005213,0.6247333333334382,1.5,1.0,LA_bl1.5_bo1
2025-03-05,48289.00451641256,48984.4144423765,330.8653297358097,51.8346889999965,1.5,1.0,LA_bl1.5_bo1
2025-03-06,47577.23737487591,47132.2611693019,603.4215431849649,195.59239673332775,1.5,1.0,LA_bl1.5_bo1
2025-03-07,15419.91770855536,14946.155391118,1490.6393095859607,382.7038283666694,1.5,1.0,LA_bl1.5_bo1
2025-03-08,14058.882467650012,12615.9803389499,156.98684637821057,41.115109099998286,1.5,1.0,LA_bl1.5_bo1
2025-03-09,46316.97338754885,48100.6398593573,0.0,0.0,1.5,1.0,LA_bl1.5_bo1
2025-03-10,50852.24484353205,47763.823959294794,1497.8064243794006,281.89570676666136,1.5,1.0,LA_bl1.5_bo1
2025-03-11,47708.4011363583,38184.836614496395,0.0,0.0,1.5,1.0,LA_bl1.5_bo1
2025-03-12,45929.50640330345,45761.87086643797,1085.1302580756683,212.23598656665757,1.5,1.0,LA_bl1.5_bo1
2025-03-13,49770.28859030566,49103.4279273715,1144.4551659556553,183.0576339999982,1.5,1.0,LA_bl1.5_bo1
2025-03-14,12599.373547966956,12729.71227439518,0.0,0.0,1.5,1.0,LA_bl1.5_bo1
2025-03-15,14257.893157724497,12309.9394012704,1659.654219108646,449.4849968999989,1.5,1.0,LA_bl1.5_bo1
2025-03-16,45850.43465323946,45914.8347732351,8.081100000000493,1.6400000000001,1.5,1.0,LA_bl1.5_bo1
2025-03-17,40471.35916752112,41009.452184235575,49.526165338804105,10.257569266664746,1.5,1.0,LA_bl1.5_bo1
2025-03-18,44745.77761735419,45700.0772531495,11.31495016843573,5.516796766667835,1.5,1.0,LA_bl1.5_bo1
2025-03-19,41800.04726180549,38647.877071172996,0.0,0.0,1.5,1.0,LA_bl1.5_bo1
2025-03-20,45615.43363102084,45365.3064163495,1164.9458395445909,185.2272810999986,1.5,1.0,LA_bl1.5_bo1
2025-03-21,13097.87084246991,11925.553518847099,1190.3771279613118,351.2319972333321,1.5,1.0,LA_bl1.5_bo1
2025-03-22,12172.78321606815,12421.64047535618,0.0,0.0,1.5,1.0,LA_bl1.5_bo1
2025-03-23,44867.5668660545,45112.2930345972,2173.235164578442,392.7562332666683,1.5,1.0,LA_bl1.5_bo1
2025-03-24,41729.55310272492,42579.214928967864,204.6985050038934,84.66069829999701,1.5,1.0,LA_bl1.5_bo1
2025-03-25,44375.35262398316,44756.32782939201,0.0,0.0,1.5,1.0,LA_bl1.5_bo1
2025-03-26,41469.36236709748,40186.00013308076,1856.6532589566048,304.88174083333143,1.5,1.0,LA_bl1.5_bo1
2025-03-27,41580.61588605347,43356.801131514294,88.0974975998281,33.33512246666521,1.5,1.0,LA_bl1.5_bo1
2025-03-28,12941.213106441106,12047.913624966,1119.7838433325853,267.7307455666671,1.5,1.0,LA_bl1.5_bo1
2025-03-29,12203.0319927721,11301.2088571487,714.3248304548349,174.41285369999628,1.5,1.0,LA_bl1.5_bo1
2025-03-30,38993.94183856026,41306.28113954253,0.0,0.0,1.5,1.0,LA_bl1.5_bo1
2025-03-31,38420.4289625371,37115.219461725006,179.57035365239892,44.366208833333054,1.5,1.0,LA_bl1.5_bo1
2025-04-01,44174.41997640855,42884.7893302086,61.585260739346936,9.835237799997003,1.5,1.0,LA_bl1.5_bo1
2025-04-02,43614.73320928396,42125.457605142,1897.9520457374495,285.0633892666641,1.5,1.0,LA_bl1.5_bo1
2025-04-03,42401.72736946809,44402.620043836105,1054.68046746229,190.70785046666475,1.5,1.0,LA_bl1.5_bo1
2025-04-04,11538.138367236206,11243.3668577184,488.5159730227576,117.89935393333116,1.5,1.0,LA_bl1.5_bo1
2025-04-05,12006.06924482699,10802.23626310168,718.5216350328087,235.47598943333125,1.5,1.0,LA_bl1.5_bo1
2025-04-06,41449.38064919721,40843.165790847,2017.7935199827086,337.03649859999877,1.5,1.0,LA_bl1.5_bo1
2025-04-07,37484.983411115194,35402.657408042374,1212.1631245131161,256.1561897333329,1.5,1.0,LA_bl1.5_bo1
2025-04-08,38926.440170722286,38146.6364555743,169.5601197971334,75.26476670000004,1.5,1.0,LA_bl1.5_bo1
2025-04-09,42383.35068488249,39872.16241366041,2978.062061465587,505.9399760000004,1.5,1.0,LA_bl1.5_bo1
2025-04-10,39662.0689720842,39847.93529665019,1284.0672244345142,228.9440447666636,1.5,1.0,LA_bl1.5_bo1
2025-04-11,11104.175904680724,10198.814297179651,159.28468812049675,97.00403913666233,1.5,1.0,LA_bl1.5_bo1
2025-04-12,10562.739516826196,10760.844881632001,108.9839131340627,31.66558483333216,1.5,1.0,LA_bl1.5_bo1
2025-04-13,37470.4895340685,37661.509294308955,590.3096473649276,119.02298723333199,1.5,1.0,LA_bl1.5_bo1
2025-04-14,38187.51380502779,39601.624610538005,1386.7120982344873,213.09444459999804,1.5,1.0,LA_bl1.5_bo1
2025-04-15,35181.94800974175,31790.9320411441,0.0,0.0,1.5,1.0,LA_bl1.5_bo1
2025-04-16,39662.430206968245,37235.261935247,1687.5426364855393,298.3504167333313,1.5,1.0,LA_bl1.5_bo1
2025-04-17,37716.95409008188,35121.057511217994,1213.1127632843925,185.66157993333218,1.5,1.0,LA_bl1.5_bo1
2025-04-18,10812.88551813074,10464.22558010958,0.0,0.0,1.5,1.0,LA_bl1.5_bo1
2025-04-19,10684.645170839383,9834.327313680169,0.0,0.0,1.5,1.0,LA_bl1.5_bo1
2025-04-20,35613.912633787695,34995.429443286,0.0,0.0,1.5,1.0,LA_bl1.5_bo1
2025-04-21,36013.02320749008,36429.32002066,1443.3493971569228,304.6407778999983,1.5,1.0,LA_bl1.5_bo1
2025-04-22,35474.62013072404,31106.840642615294,0.0,0.0,1.5,1.0,LA_bl1.5_bo1
2025-04-23,36187.03186005146,31381.91867250804,663.2244535763728,112.20595756666262,1.5,1.0,LA_bl1.5_bo1
2025-04-24,35713.16118650964,33364.1157914728,2102.849762813035,327.44055020000013,1.5,1.0,LA_bl1.5_bo1
2025-04-25,9933.321931999651,9712.096796825801,377.8607941140606,141.9776024999983,1.5,1.0,LA_bl1.5_bo1
2025-04-26,10472.777639538328,9598.8776604485,484.16543746370854,164.55915023333114,1.5,1.0,LA_bl1.5_bo1
2025-04-27,35123.27996597061,32170.132515243997,1222.8773576544606,218.60383966666546,1.5,1.0,LA_bl1.5_bo1
2025-04-28,40078.77435902992,39699.504684328,382.3271563153223,99.25033430000079,1.5,1.0,LA_bl1.5_bo1
2025-04-29,33439.85639422,31344.276161067,247.95225179720023,37.4663420666667,1.5,1.0,LA_bl1.5_bo1
2025-04-30,32690.92571362371,29984.8473387635,1602.8514431897593,276.3008416333347,1.5,1.0,LA_bl1.5_bo1
2025-05-01,49466.90174577793,34039.732723785,13379.683177333332,2646.8344033333324,1.5,1.0,LA_bl1.5_bo1
2025-05-02,15066.697124781642,12135.7743103102,2855.7099958775925,707.1986528333348,1.5,1.0,LA_bl1.5_bo1
2025-05-03,15908.992351638306,10918.952013465801,4788.113318547106,1057.4119406333311,1.5,1.0,LA_bl1.5_bo1
2025-05-04,43444.211693811856,36876.459803177,7240.362777005748,1402.6868269999968,1.5,1.0,LA_bl1.5_bo1
2025-05-05,41067.09706843273,40077.6778882871,2182.082720830887,344.5736507999955,1.5,1.0,LA_bl1.5_bo1
2025-05-06,40049.87261585436,33328.2256594286,61.52293590458741,26.526776833335063,1.5,1.0,LA_bl1.5_bo1
2025-05-07,40483.129090616596,36397.77428272601,1562.526831303987,254.98106700000045,1.5,1.0,LA_bl1.5_bo1
2025-05-08,39772.43608182106,41016.8624260456,56.26816103946134,8.598435366665854,1.5,1.0,LA_bl1.5_bo1
2025-05-09,13083.48414212392,13114.6156845959,0.0,0.0,1.5,1.0,LA_bl1.5_bo1
2025-05-10,11797.644625624396,11731.7072951536,8.042189414395809,3.998105599997917,1.5,1.0,LA_bl1.5_bo1
2025-05-11,41684.13123898698,38694.687771811994,2962.980507844982,434.6684233333308,1.5,1.0,LA_bl1.5_bo1
2025-05-12,38730.159674463095,34929.796227619205,0.0,0.0,1.5,1.0,LA_bl1.5_bo1
2025-05-13,40458.685981617986,36953.483833160295,2703.3419887987393,432.41527366666253,1.5,1.0,LA_bl1.5_bo1
2025-05-14,37661.25385887132,36918.399528351,362.62816536142356,151.73763723333457,1.5,1.0,LA_bl1.5_bo1
2025-05-15,38728.160727981245,38632.776465236,61.84753150000003,28.435646666666685,1.5,1.0,LA_bl1.5_bo1
2025-05-16,11967.850970665411,11471.12871368887,466.832064111136,264.221454533334,1.5,1.0,LA_bl1.5_bo1
2025-05-17,12662.181154873475,11361.3125465616,683.7567425195756,144.18772709999848,1.5,1.0,LA_bl1.5_bo1
2025-05-18,38950.8687039612,40337.2380212938,34.42846500000008,5.236666666666679,1.5,1.0,LA_bl1.5_bo1
2025-05-19,37766.969137479966,34988.79423990651,3151.9381823913563,490.06060963332936,1.5,1.0,LA_bl1.5_bo1
2025-05-20,39031.93517028003,34526.64923042494,2236.549245037394,397.265696733329,1.5,1.0,LA_bl1.5_bo1
2025-05-21,38122.031256767696,33485.550904898,1314.604566026192,327.7510767999984,1.5,1.0,LA_bl1.5_bo1
2025-05-22,35808.80251367119,35534.7673690321,788.214557134091,135.31210273333193,1.5,1.0,LA_bl1.5_bo1
2025-05-23,12017.905418500652,10911.2253899105,169.28002114665372,39.37319999999744,1.5,1.0,LA_bl1.5_bo1
2025-05-24,11585.584780001782,11436.04094960426,27.08947830000237,6.023900000000527,1.5,1.0,LA_bl1.5_bo1
2025-05-25,36868.123378442586,35929.447784855874,1127.565920208141,201.01820399999846,1.5,1.0,LA_bl1.5_bo1
2025-05-26,38507.78745574832,35078.6903599251,1028.0081804079248,189.97245969999864,1.5,1.0,LA_bl1.5_bo1
2025-05-27,36289.95449600839,31854.2817402106,524.3304913907375,85.21769923333119,1.5,1.0,LA_bl1.5_bo1
2025-05-28,37304.886083918725,36214.371021962,437.9628797346803,71.80839563333004,1.5,1.0,LA_bl1.5_bo1
2025-05-29,41517.213136685175,36900.226946973606,1157.2275481568006,174.57191403333087,1.5,1.0,LA_bl1.5_bo1
2025-05-30,11637.021710327215,11644.035749235529,0.0,0.0,1.5,1.0,LA_bl1.5_bo1
2025-05-31,11750.427834939559,11934.9870213341,356.07381094801065,68.56803600000205,1.5,1.0,LA_bl1.5_bo1
2025-06-01,68585.94274568914,52496.51019149249,10449.385432044983,2192.161487353336,1.5,1.0,LA_bl1.5_bo1
2025-06-02,59077.778597405675,56504.38048352365,4423.106249960535,1002.6954617999972,1.5,1.0,LA_bl1.5_bo1
2025-06-03,60961.6009501127,49875.230843153,8192.391178996051,1360.4064853999998,1.5,1.0,LA_bl1.5_bo1
2025-06-04,58632.89145488959,60568.23184174116,1700.6233903043408,301.42718486666786,1.5,1.0,LA_bl1.5_bo1
2025-06-05,55755.29831710366,53780.87583796913,1702.5383708235306,280.209271866665,1.5,1.0,LA_bl1.5_bo1
2025-06-06,27586.035668317752,17092.7130717962,7672.157838466853,2150.289395466664,1.5,1.0,LA_bl1.5_bo1
2025-06-07,21796.30063806493,20313.772443619197,2318.4589121654344,378.9539377333328,1.5,1.0,LA_bl1.5_bo1
2025-06-08,50521.51243811591,52031.36547628591,53.26724692500071,7.63549566666677,1.5,1.0,LA_bl1.5_bo1
2025-06-09,58227.779309126185,59185.80875761544,1799.336370712663,258.12383133333276,1.5,1.0,LA_bl1.5_bo1
2025-06-10,56329.15483065138,53153.982461133426,2360.096574371898,541.029219199999,1.5,1.0,LA_bl1.5_bo1
2025-06-11,58821.84487696734,57084.78452245769,218.16764333339984,80.3825395999996,1.5,1.0,LA_bl1.5_bo1
2025-06-12,55872.324470953296,57255.9220910537,6.910471004999897,0.9846529999999802,1.5,1.0,LA_bl1.5_bo1
2025-06-13,19251.99324287815,20016.4623258173,0.0,0.0,1.5,1.0,LA_bl1.5_bo1
2025-06-14,19274.401036999916,19397.02691869,1002.5683054216634,172.27853666666613,1.5,1.0,LA_bl1.5_bo1
2025-06-15,54439.005657972695,52637.092461862565,299.35105434433353,43.357746666666685,1.5,1.0,LA_bl1.5_bo1
2025-06-16,57474.68301484099,55119.7030631753,807.3936097168391,122.24181833333444,1.5,1.0,LA_bl1.5_bo1
2025-06-17,60414.700662135685,55331.12531590121,2466.067403339085,536.6476065666664,1.5,1.0,LA_bl1.5_bo1
2025-06-18,56323.93435663164,55301.3274187752,77.7728983648338,11.502314333333402,1.5,1.0,LA_bl1.5_bo1
2025-06-19,55666.14723129917,51412.26690211,1188.3956231096686,170.92379066666695,1.5,1.0,LA_bl1.5_bo1
2025-06-20,17154.644064597935,17441.2653495017,126.15040494108369,66.05398563333353,1.5,1.0,LA_bl1.5_bo1
2025-06-21,17204.875930530307,16901.0507032702,478.27417995693247,249.3081701999996,1.5,1.0,LA_bl1.5_bo1
2025-06-22,51932.534204981916,50496.09580872787,320.31416477401893,47.03620830000034,1.5,1.0,LA_bl1.5_bo1
2025-06-23,51056.45876655741,51154.474634882296,1275.3420580401125,339.83994776666555,1.5,1.0,LA_bl1.5_bo1
2025-06-24,60691.309719043966,60502.6049832244,667.8204629207346,110.09562786666682,1.5,1.0,LA_bl1.5_bo1
2025-06-25,54465.51114851704,51169.503845693805,295.15689097033453,42.52069066666684,1.5,1.0,LA_bl1.5_bo1
2025-06-26,51124.67810402192,49647.13604390617,1200.2440843755546,219.8907204666683,1.5,1.0,LA_bl1.5_bo1
2025-06-27,18254.91209282554,17052.211926867,2021.7895904237462,392.06565139999935,1.5,1.0,LA_bl1.5_bo1
2025-06-28,16756.628139072625,16232.5509604963,560.2867058759814,130.5505613666662,1.5,1.0,LA_bl1.5_bo1
2025-06-29,54331.742002695646,49652.833624210936,711.2264274275651,256.8980492999991,1.5,1.0,LA_bl1.5_bo1
2025-06-30,53178.19034508873,53621.96189525679,958.8646133050004,136.30807300000004,1.5,1.0,LA_bl1.5_bo1
2025-02-01,17382.461925467447,17969.3256289754,0.0,0.0,2.0,0.0,LA_bl2_bo0
2025-02-02,62575.17733890284,59851.2941173059,2325.732432644395,367.3076837999992,2.0,0.0,LA_bl2_bo0
2025-02-03,65163.46756579602,59775.222394075194,3624.2529084469215,576.4132877666618,2.0,0.0,LA_bl2_bo0
2025-02-04,64693.4319798109,61578.899470238,0.0,0.0,2.0,0.0,LA_bl2_bo0
2025-02-05,67253.58814712097,56368.8254098721,2087.214528276824,333.8533771333343,2.0,0.0,LA_bl2_bo0
2025-02-06,63905.52041297962,64502.49058373405,362.7399763480024,58.563493000000335,2.0,0.0,LA_bl2_bo0
2025-02-07,18187.957157020664,18573.697379622998,372.64837755833145,93.13913333333284,2.0,0.0,LA_bl2_bo0
2025-02-08,16351.441944606398,14346.349263753998,0.0,0.0,2.0,0.0,LA_bl2_bo0
2025-02-09,64277.929298191506,59247.01821749371,892.4762120885998,174.5878037333329,2.0,0.0,LA_bl2_bo0
2025-02-10,55982.68523741248,53528.87329416949,193.78502329133457,45.08211263333362,2.0,0.0,LA_bl2_bo0
2025-02-11,58966.18211297219,52688.043949427396,946.3955836724843,179.44899760000018,2.0,0.0,LA_bl2_bo0
2025-02-12,58316.591484541124,54067.5375538514,2700.8492987364657,500.8898877999999,2.0,0.0,LA_bl2_bo0
2025-02-13,54290.87714969652,51173.50137290545,322.3295359844604,64.30274533333218,2.0,0.0,LA_bl2_bo0
2025-02-14,15775.439649572296,14680.14483763341,0.0,0.0,2.0,0.0,LA_bl2_bo0
2025-02-15,16181.645059688677,15041.205654346002,414.9378173435256,140.37468323333127,2.0,0.0,LA_bl2_bo0
2025-02-16,57559.23571113592,56751.2168354333,301.6335436918234,59.40823846666469,2.0,0.0,LA_bl2_bo0
2025-02-17,55337.99734686821,55367.4919159334,1459.426566839307,245.4414911666621,2.0,0.0,LA_bl2_bo0
2025-02-18,56486.20987835499,45189.5500497366,148.29606488933473,29.704769333333616,2.0,0.0,LA_bl2_bo0
2025-02-19,56595.646321716646,46804.200464122,1151.3981370685447,240.06165846666124,2.0,0.0,LA_bl2_bo0
2025-02-20,53780.440240960386,52420.93750385203,449.10632557903347,85.35329713333329,2.0,0.0,LA_bl2_bo0
2025-02-21,15006.50004069625,14586.034367967299,0.0,0.0,2.0,0.0,LA_bl2_bo0
2025-02-22,15608.071100808429,14447.253237237199,0.0,0.0,2.0,0.0,LA_bl2_bo0
2025-02-23,54381.862378451515,50650.6826010483,477.7808062005411,107.00566426666504,2.0,0.0,LA_bl2_bo0
2025-02-24,50798.79911468829,48218.97829001888,1038.6964189485568,210.53696363333165,2.0,0.0,LA_bl2_bo0
2025-02-25,49304.31102454544,46516.49923368226,1018.7681696271554,215.66148243333149,2.0,0.0,LA_bl2_bo0
2025-02-26,53058.38276617243,43480.334428905466,151.82936445049995,29.693896333333328,2.0,0.0,LA_bl2_bo0
2025-02-27,49190.271431133144,44818.2254383346,1007.3324982415414,175.2313130333346,2.0,0.0,LA_bl2_bo0
2025-02-28,14208.41817105052,13813.92683406436,0.0,0.0,2.0,0.0,LA_bl2_bo0
2025-03-01,16082.789353023536,14514.555244246101,2121.940450124535,464.437824330001,2.0,0.0,LA_bl2_bo0
2025-03-02,59710.04047746997,51721.050026337296,5582.001638081474,1015.7392312999982,2.0,0.0,LA_bl2_bo0
2025-03-03,54681.03685169469,51934.856773783,1259.1675106972398,290.18810296666487,2.0,0.0,LA_bl2_bo0
2025-03-04,52096.805223038995,43250.5117579542,3.1064865000005213,0.6247333333334382,2.0,0.0,LA_bl2_bo0
2025-03-05,46506.24760423464,45569.7762425946,330.8653474758415,51.834691666667936,2.0,0.0,LA_bl2_bo0
2025-03-06,47783.469633036104,43849.7117052246,603.4215725159006,195.59240109999973,2.0,0.0,LA_bl2_bo0
2025-03-07,14973.186720897975,13964.4191289715,1601.7119204258252,408.4261891666644,2.0,0.0,LA_bl2_bo0
2025-03-08,14288.433907974915,12278.65004991717,0.0,0.0,2.0,0.0,LA_bl2_bo0
2025-03-09,46412.05493358949,44790.9477854695,0.0,0.0,2.0,0.0,LA_bl2_bo0
2025-03-10,52265.9624464822,44271.015157574,1494.2414057460487,281.3413577333303,2.0,0.0,LA_bl2_bo0
2025-03-11,49396.5116956036,35452.60499215,0.0,0.0,2.0,0.0,LA_bl2_bo0
2025-03-12,44694.18710200211,42527.920774658196,175.51839125191955,36.126045333316775,2.0,0.0,LA_bl2_bo0
2025-03-13,50371.03309267594,45687.01060158279,1135.7117905786517,181.69806699999765,2.0,0.0,LA_bl2_bo0
2025-03-14,12631.131068418152,12356.5768226662,0.0,0.0,2.0,0.0,LA_bl2_bo0
2025-03-15,14515.419024688297,12058.63480712178,1645.7523781486461,446.2185868999989,2.0,0.0,LA_bl2_bo0
2025-03-16,46164.3195437978,42664.5637802,8.081100000000493,1.6400000000001,2.0,0.0,LA_bl2_bo0
2025-03-17,41168.539079444505,38195.2318669636,48.38082897880364,10.018009266664649,2.0,0.0,LA_bl2_bo0
2025-03-18,43491.10322167601,42317.058679853006,0.0,0.0,2.0,0.0,LA_bl2_bo0
2025-03-19,43672.77814434741,35884.428364010746,0.0,0.0,2.0,0.0,LA_bl2_bo0
2025-03-20,45012.73181654709,42070.64770175901,1127.754016110589,177.77491659999825,2.0,0.0,LA_bl2_bo0
2025-03-21,13159.28279023947,11556.40110675645,1158.5538757823142,341.3644632333325,2.0,0.0,LA_bl2_bo0
2025-03-22,12035.959943372549,12086.9880560509,0.0,0.0,2.0,0.0,LA_bl2_bo0
2025-03-23,44150.802490570924,41830.11730663999,2094.7362589534337,380.3049832666669,2.0,0.0,LA_bl2_bo0
2025-03-24,41436.840766315414,39419.01773160679,173.65811640982582,70.60687126666338,2.0,0.0,LA_bl2_bo0
2025-03-25,43561.113096891546,41179.7317333687,0.0,0.0,2.0,0.0,LA_bl2_bo0
2025-03-26,40819.58107054471,37642.940899940804,1749.0963651846018,288.176468833331,2.0,0.0,LA_bl2_bo0
2025-03-27,40301.60228842973,40061.070005183,55.44703534372836,23.023417466664657,2.0,0.0,LA_bl2_bo0
2025-03-28,12636.225435430153,11750.3427777074,1035.8799237575852,247.6700355666671,2.0,0.0,LA_bl2_bo0
2025-03-29,12311.607258968685,11059.84279864866,625.4859870736395,152.72633023333074,2.0,0.0,LA_bl2_bo0
2025-03-30,38148.66761879225,38206.8831413155,0.0,0.0,2.0,0.0,LA_bl2_bo0
2025-03-31,39708.07531836482,34430.867346198,68.96735228832696,20.905044466665345,2.0,0.0,LA_bl2_bo0
2025-04-01,44661.908370942605,39444.5447600318,0.0,0.0,2.0,0.0,LA_bl2_bo0
2025-04-02,44571.5174600222,38790.677036670604,1719.4871714056903,258.2588121666702,2.0,0.0,LA_bl2_bo0
2025-04-03,40715.84903807634,41166.72002786212,851.5604648872821,161.41240046666366,2.0,0.0,LA_bl2_bo0
2025-04-04,10908.014635733802,10968.462698063002,0.0,0.0,2.0,0.0,LA_bl2_bo0
2025-04-05,12106.355803365046,10551.9779768221,580.2977641948107,201.84078543333172,2.0,0.0,LA_bl2_bo0
2025-04-06,40936.64006727972,37707.56797861151,1790.8232152379637,302.4030500999995,2.0,0.0,LA_bl2_bo0
2025-04-07,38047.22909142031,32789.012906052,965.3937107481073,219.18421973333162,2.0,0.0,LA_bl2_bo0
2025-04-08,37983.334556153684,35281.769060249004,169.5601197971334,75.26476670000004,2.0,0.0,LA_bl2_bo0
2025-04-09,43164.06339834157,36649.613571196,2712.1092265655684,465.6745959999976,2.0,0.0,LA_bl2_bo0
2025-04-10,39835.82915935683,37068.345380639395,1064.1870147957284,193.89323486666586,2.0,0.0,LA_bl2_bo0
2025-04-11,11262.728480804832,10011.0616466305,89.43343155658236,53.300502546664426,2.0,0.0,LA_bl2_bo0
2025-04-12,10424.68567161295,10394.6830560364,0.0,0.0,2.0,0.0,LA_bl2_bo0
2025-04-13,37368.40174543639,34764.1941495826,340.78927898364043,73.93599946666468,2.0,0.0,LA_bl2_bo0
2025-04-14,36659.83261773143,36606.859423065995,1137.3645083659883,174.7774887999982,2.0,0.0,LA_bl2_bo0
2025-04-15,35177.660996396204,29713.813652407604,0.0,0.0,2.0,0.0,LA_bl2_bo0
2025-04-16,40889.658404077134,34087.9867548148,1342.4670726855356,247.75282673333078,2.0,0.0,LA_bl2_bo0
2025-04-17,38617.34123542398,32552.0892885048,872.6810428313786,133.56000043333006,2.0,0.0,LA_bl2_bo0
2025-04-18,10856.477836645348,10220.8879755194,0.0,0.0,2.0,0.0,LA_bl2_bo0
2025-04-19,10785.30445143085,9548.4658977942,0.0,0.0,2.0,0.0,LA_bl2_bo0
2025-04-20,36679.140472524894,32392.226113660196,0.0,0.0,2.0,0.0,LA_bl2_bo0
2025-04-21,34438.46392104341,33652.62582360659,1077.7494428569155,247.49792789999717,2.0,0.0,LA_bl2_bo0
2025-04-22,36046.91486836325,29792.779544255,0.0,0.0,2.0,0.0,LA_bl2_bo0
2025-04-23,37252.693228808595,29630.193673637,275.05818023699067,56.48297833333186,2.0,0.0,LA_bl2_bo0
2025-04-24,35341.12454352539,31130.392547256903,1684.620574363035,265.4347402000002,2.0,0.0,LA_bl2_bo0
2025-04-25,10256.452137508346,9476.07141876972,698.5359713907267,218.09323916666486,2.0,0.0,LA_bl2_bo0
2025-04-26,10980.964570938006,9353.000674300998,782.0696991418079,235.54789363333094,2.0,0.0,LA_bl2_bo0
2025-04-27,35347.97981917968,30108.695927463697,797.3022596775824,153.73453123333292,2.0,0.0,LA_bl2_bo0
2025-04-28,41307.996357767224,36222.143107136,94.13476872527674,39.58084443333185,2.0,0.0,LA_bl2_bo0
2025-04-29,34237.23329684614,28677.569164907698,0.0,0.0,2.0,0.0,LA_bl2_bo0
2025-04-30,33478.57474232375,28174.212995056998,1189.3203369352468,212.99718969999947,2.0,0.0,LA_bl2_bo0
2025-05-01,50117.80537465083,31665.790937552,12977.65928170333,2584.4761133333323,2.0,0.0,LA_bl2_bo0
2025-05-02,14969.115969545448,11734.550321822699,2506.7214156616988,639.9975553999994,2.0,0.0,LA_bl2_bo0
2025-05-03,15960.752467778524,10610.4890750106,4464.390044943273,989.5952769666646,2.0,0.0,LA_bl2_bo0
2025-05-04,41754.09539664007,33975.8390595768,6832.466824845766,1340.5075659999993,2.0,0.0,LA_bl2_bo0
2025-05-05,40051.094888472384,37091.0381805083,2167.8148234835817,342.4540790333306,2.0,0.0,LA_bl2_bo0
2025-05-06,40865.662860315846,31889.487842532697,0.0,0.0,2.0,0.0,LA_bl2_bo0
2025-05-07,41865.8974874317,34426.508492099,1151.076425117007,194.9678805666603,2.0,0.0,LA_bl2_bo0
2025-05-08,39460.8415613624,37752.2295038176,0.0,0.0,2.0,0.0,LA_bl2_bo0
2025-05-09,13314.96473689572,12723.888001867199,0.0,0.0,2.0,0.0,LA_bl2_bo0
2025-05-10,11813.53599102427,11403.042799130699,0.0,0.0,2.0,0.0,LA_bl2_bo0
2025-05-11,43113.731105171486,35501.973676663,2643.7782563449864,388.31317333333135,2.0,0.0,LA_bl2_bo0
2025-05-12,39744.730004873105,31970.466997007403,0.0,0.0,2.0,0.0,LA_bl2_bo0
2025-05-13,39904.75804389599,33704.26467558,2501.2893272591996,402.46157689999745,2.0,0.0,LA_bl2_bo0
2025-05-14,38132.66298221194,34003.046157979,206.35812024774364,91.20100513333048,2.0,0.0,LA_bl2_bo0
2025-05-15,39009.8112757575,35638.707719268,61.84753150000003,28.435646666666685,2.0,0.0,LA_bl2_bo0
2025-05-16,11843.356518345046,11135.438875104099,328.826001755337,192.76305796666878,2.0,0.0,LA_bl2_bo0
2025-05-17,12500.66866541593,10999.656117084702,319.2948718712282,72.54903016666239,2.0,0.0,LA_bl2_bo0
2025-05-18,39250.5510578857,37124.8851942858,34.42846500000008,5.236666666666679,2.0,0.0,LA_bl2_bo0
2025-05-19,36966.04427525606,32551.163199209004,2702.84048417726,424.8179716999965,2.0,0.0,LA_bl2_bo0
2025-05-20,40436.86688130123,31647.079907691907,1800.3843907216726,332.03015166666404,2.0,0.0,LA_bl2_bo0
2025-05-21,40094.77537024632,31112.975727058103,1193.0770112328662,309.74298346666615,2.0,0.0,LA_bl2_bo0
2025-05-22,36295.10943670651,33255.24912389505,344.7864498726785,67.88594789999922,2.0,0.0,LA_bl2_bo0
2025-05-23,12279.152741222519,10641.1317582737,0.0,0.0,2.0,0.0,LA_bl2_bo0
2025-05-24,11569.051337367386,11122.7592305266,0.0,0.0,2.0,0.0,LA_bl2_bo0
2025-05-25,36370.46278374567,33181.3199601496,712.3115423525467,137.8823705333326,2.0,0.0,LA_bl2_bo0
2025-05-26,40632.114539680966,32277.789403022,637.1656995951664,130.69552319999735,2.0,0.0,LA_bl2_bo0
2025-05-27,37663.53771060254,30108.1113956564,403.01887430573487,67.0395892333308,2.0,0.0,LA_bl2_bo0
2025-05-28,38250.982128272706,33086.040216973,323.7500368563526,54.69913896666421,2.0,0.0,LA_bl2_bo0
2025-05-29,43186.341763914665,33808.078104798304,704.0330605736083,107.25247143333199,2.0,0.0,LA_bl2_bo0
2025-05-30,12152.724040561241,11287.704431841299,0.0,0.0,2.0,0.0,LA_bl2_bo0
2025-05-31,11205.04349453319,11393.8960381544,0.0,0.0,2.0,0.0,LA_bl2_bo0
2025-06-01,68072.14461757388,48063.826392784395,10000.908653027911,2126.752491653333,2.0,0.0,LA_bl2_bo0
2025-06-02,57479.997873446424,52192.17846953895,3964.4554446031434,935.5135655999986,2.0,0.0,LA_bl2_bo0
2025-06-03,62240.38701080636,45838.69808936401,7680.1742869960435,1289.324485399999,2.0,0.0,LA_bl2_bo0
2025-06-04,57441.67160572124,56157.75409899905,1782.1149991543375,316.0642048666673,2.0,0.0,LA_bl2_bo0
2025-06-05,58383.42522138717,49413.460670036126,1694.0806065451966,276.69033519999806,2.0,0.0,LA_bl2_bo0
2025-06-06,26717.456972832166,15702.0758059172,7246.815789724866,2083.163687466666,2.0,0.0,LA_bl2_bo0
2025-06-07,20602.184651675958,17819.686313285798,1889.605407685563,311.92463099999867,2.0,0.0,LA_bl2_bo0
2025-06-08,50691.53919994616,48085.634669849904,53.26724692500071,7.63549566666677,2.0,0.0,LA_bl2_bo0
2025-06-09,56846.97567397991,54674.042020615605,1769.1570390976622,253.74936133333267,2.0,0.0,LA_bl2_bo0
2025-06-10,59112.245895383276,49007.812900360455,2260.178436739804,521.5096966000006,2.0,0.0,LA_bl2_bo0
2025-06-11,61136.163525810836,52511.403282234685,218.16764333339984,80.3825395999996,2.0,0.0,LA_bl2_bo0
2025-06-12,57133.77658347034,52694.99235652629,6.910471004999897,0.9846529999999802,2.0,0.0,LA_bl2_bo0
2025-06-13,18601.64062674453,18756.03420955003,0.0,0.0,2.0,0.0,LA_bl2_bo0
2025-06-14,18587.682237195873,17544.7499503887,718.8469010966677,126.32058666666683,2.0,0.0,LA_bl2_bo0
2025-06-15,56470.70795671839,48585.1322313466,239.19446965183363,34.748633666666706,2.0,0.0,LA_bl2_bo0
2025-06-16,59012.20953046513,50738.0206773868,773.1550152818332,115.70971233333327,2.0,0.0,LA_bl2_bo0
2025-06-17,61892.47139251276,50818.122616188695,1988.488551431411,470.81429923333206,2.0,0.0,LA_bl2_bo0
2025-06-18,57520.639244687336,50941.6367591414,77.7728983648338,11.502314333333402,2.0,0.0,LA_bl2_bo0
2025-06-19,55972.16459090537,47347.74661948587,1186.8384224041686,170.7021276666669,2.0,0.0,LA_bl2_bo0
2025-06-20,16998.026571909497,16834.812293341798,5.671178299597873,2.9629980666655555,2.0,0.0,LA_bl2_bo0
2025-06-21,17455.434545985583,16344.565558833901,478.1853421569325,249.25859019999962,2.0,0.0,LA_bl2_bo0
2025-06-22,54008.67487498496,46211.09131080349,323.28575480921813,47.47599670000022,2.0,0.0,LA_bl2_bo0
2025-06-23,51763.63819061467,47170.871193895815,1030.8992115840847,293.0962419,2.0,0.0,LA_bl2_bo0
2025-06-24,60867.753213844575,55808.87829599129,665.8218299222348,109.81040986666683,2.0,0.0,LA_bl2_bo0
2025-06-25,56753.05704446384,46912.3136863745,295.1481968863343,42.5194436666668,2.0,0.0,LA_bl2_bo0
2025-06-26,52903.51805136264,45751.909687456915,1169.137547495549,208.62297019999954,2.0,0.0,LA_bl2_bo0
2025-06-27,17476.510291924722,16341.774295774598,1616.8739188492746,326.9509659333319,2.0,0.0,LA_bl2_bo0
2025-06-28,16707.410592386477,15603.569343226201,312.7807957893169,73.37042136666668,2.0,0.0,LA_bl2_bo0
2025-06-29,56629.9289866528,45644.495140361,626.6727066808967,222.88685846666507,2.0,0.0,LA_bl2_bo0
2025-06-30,53177.496474038504,49175.3918227559,834.8214221965018,118.59820300000024,2.0,0.0,LA_bl2_bo0
2025-02-01,17615.3519939422,18274.9597875929,0.0,0.0,2.0,0.2,LA_bl2_bo0.2
2025-02-02,62673.420999903145,60511.15897264249,2325.732424405003,367.30768250000045,2.0,0.2,LA_bl2_bo0.2
2025-02-03,65037.55801596211,60450.9425203684,3499.8745924154073,554.6574164999985,2.0,0.2,LA_bl2_bo0.2
2025-02-04,64739.9149572339,62246.754289202,0.0,0.0,2.0,0.2,LA_bl2_bo0.2
2025-02-05,66922.84156149527,57062.72693967549,2087.214528276824,333.8533771333343,2.0,0.2,LA_bl2_bo0.2
2025-02-06,64040.66592409882,65183.58474266525,331.6681727920021,53.95922500000029,2.0,0.2,LA_bl2_bo0.2
2025-02-07,18409.517942949165,18885.379548893998,372.64837755833145,93.13913333333284,2.0,0.2,LA_bl2_bo0.2
2025-02-08,16292.55969104015,14416.9775031215,0.0,0.0,2.0,0.2,LA_bl2_bo0.2
2025-02-09,64139.939891879454,59957.395735966806,892.4762120885998,174.5878037333329,2.0,0.2,LA_bl2_bo0.2
2025-02-10,56015.78948551733,54198.719234575794,193.78502329133457,45.08211263333362,2.0,0.2,LA_bl2_bo0.2
2025-02-11,59024.97576542957,53367.45993551054,946.3955836724843,179.44899760000018,2.0,0.2,LA_bl2_bo0.2
2025-02-12,57557.44268160975,54759.75653573475,2093.3283933798675,389.5774278000001,2.0,0.2,LA_bl2_bo0.2
2025-02-13,54137.37800305145,51826.972887836695,322.3295359844604,64.30274533333218,2.0,0.2,LA_bl2_bo0.2
2025-02-14,15787.236288330652,14773.258571236702,0.0,0.0,2.0,0.2,LA_bl2_bo0.2
2025-02-15,16290.503049581426,15350.3993032779,414.9378173435272,140.37468323333167,2.0,0.2,LA_bl2_bo0.2
2025-02-16,57688.256546012075,57453.9932962136,301.6335436918234,59.40823846666469,2.0,0.2,LA_bl2_bo0.2
2025-02-17,55598.82673116433,56068.22574304241,1459.4265716232158,245.44149189999678,2.0,0.2,LA_bl2_bo0.2
2025-02-18,56220.0018815606,45851.74412583336,148.29606488933473,29.704769333333616,2.0,0.2,LA_bl2_bo0.2
2025-02-19,56267.231368445646,47461.030370664,1151.3981370685447,240.06165846666124,2.0,0.2,LA_bl2_bo0.2
2025-02-20,54001.74676292529,53106.634119123235,449.10632557903347,85.35329713333329,2.0,0.2,LA_bl2_bo0.2
2025-02-21,14931.7177786018,14665.4345544666,0.0,0.0,2.0,0.2,LA_bl2_bo0.2
2025-02-22,15565.204321540448,14550.6969733009,0.0,0.0,2.0,0.2,LA_bl2_bo0.2
2025-02-23,54430.42580359197,51372.3605033642,477.7808062005411,107.00566426666504,2.0,0.2,LA_bl2_bo0.2
2025-02-24,50710.01580693718,48843.594759098894,1031.3849430102864,209.10600749999776,2.0,0.2,LA_bl2_bo0.2
2025-02-25,49525.76070723461,47162.0720662409,1018.7681696271554,215.66148243333149,2.0,0.2,LA_bl2_bo0.2
2025-02-26,52759.92567339125,44077.24861446781,151.82936445049995,29.693896333333328,2.0,0.2,LA_bl2_bo0.2
2025-02-27,48948.68241525844,45427.32576235799,1007.3324982415414,175.2313130333346,2.0,0.2,LA_bl2_bo0.2
2025-02-28,14174.656724397999,13876.0412318356,0.0,0.0,2.0,0.2,LA_bl2_bo0.2
2025-03-01,16235.664889758988,14810.027824739002,2109.3633084145376,461.9527143300015,2.0,0.2,LA_bl2_bo0.2
2025-03-02,59690.24152529262,52437.151582443,5582.001638081469,1015.7392312999974,2.0,0.2,LA_bl2_bo0.2
2025-03-03,54799.9274462032,52692.46488064001,1259.1675106972398,290.18810296666487,2.0,0.2,LA_bl2_bo0.2
2025-03-04,51853.28518756933,43884.890453169595,3.1064865000005213,0.6247333333334382,2.0,0.2,LA_bl2_bo0.2
2025-03-05,46843.36389198884,46251.701839127,330.8653474758415,51.834691666667936,2.0,0.2,LA_bl2_bo0.2
2025-03-06,47467.58078369337,44491.757590479,603.4215725158679,195.59240109999485,2.0,0.2,LA_bl2_bo0.2
2025-03-07,15037.207640053575,14080.7881941187,1597.2101149058253,407.08476916666444,2.0,0.2,LA_bl2_bo0.2
2025-03-08,14236.97887835425,12343.1487005809,0.0,0.0,2.0,0.2,LA_bl2_bo0.2
2025-03-09,46445.44263567499,45449.0158312495,0.0,0.0,2.0,0.2,LA_bl2_bo0.2
2025-03-10,51910.532131343694,44945.886332482,1494.2414057460487,281.3413577333303,2.0,0.2,LA_bl2_bo0.2
2025-03-11,49093.4475122796,35972.371615674,0.0,0.0,2.0,0.2,LA_bl2_bo0.2
2025-03-12,44826.59495645552,43147.6353324098,175.51839125191955,36.126045333316775,2.0,0.2,LA_bl2_bo0.2
2025-03-13,50217.509804727735,46380.42114705019,1135.7117905786517,181.69806699999765,2.0,0.2,LA_bl2_bo0.2
2025-03-14,12616.43656206425,12423.687134664,0.0,0.0,2.0,0.2,LA_bl2_bo0.2
2025-03-15,14478.530764434734,12108.050107082498,1645.7523781486461,446.2185868999989,2.0,0.2,LA_bl2_bo0.2
2025-03-16,46112.16684342955,43292.2679606775,8.081100000000493,1.6400000000001,2.0,0.2,LA_bl2_bo0.2
2025-03-17,41108.838568230814,38702.943849054005,48.38082897880364,10.018009266664649,2.0,0.2,LA_bl2_bo0.2
2025-03-18,43726.17025413975,42977.4673593475,0.0,0.0,2.0,0.2,LA_bl2_bo0.2
2025-03-19,43416.072938556,36403.46092035899,0.0,0.0,2.0,0.2,LA_bl2_bo0.2
2025-03-20,45125.06685833491,42702.56840503965,1127.754016110589,177.77491659999825,2.0,0.2,LA_bl2_bo0.2
2025-03-21,13150.856043265012,11617.55993123724,1156.675702704312,341.3644702333321,2.0,0.2,LA_bl2_bo0.2
2025-03-22,12062.48062029245,12148.9663179657,0.0,0.0,2.0,0.2,LA_bl2_bo0.2
2025-03-23,44293.26926082143,42456.779045933996,2094.7362589534337,380.3049832666669,2.0,0.2,LA_bl2_bo0.2
2025-03-24,41409.077986979515,40033.200304302394,173.65811640982582,70.60687126666338,2.0,0.2,LA_bl2_bo0.2
2025-03-25,43658.428638858655,41865.48290321691,0.0,0.0,2.0,0.2,LA_bl2_bo0.2
2025-03-26,40826.28217250054,38131.421260347,1749.8523796492477,288.29388973333033,2.0,0.2,LA_bl2_bo0.2
2025-03-27,40579.68617948343,40707.434961451,55.36961630917955,22.99214336666514,2.0,0.2,LA_bl2_bo0.2
2025-03-28,12690.532344451985,11806.3703982524,1035.8799237575852,247.6700355666671,2.0,0.2,LA_bl2_bo0.2
2025-03-29,12277.151159862431,11106.0430926503,625.4859788806322,152.72632823332896,2.0,0.2,LA_bl2_bo0.2
2025-03-30,38249.552830795605,38801.40190743,0.0,0.0,2.0,0.2,LA_bl2_bo0.2
2025-03-31,39661.79170360267,34968.765133989,74.30446859666628,21.926502133333155,2.0,0.2,LA_bl2_bo0.2
2025-04-01,44603.29276043526,40098.17608841701,0.0,0.0,2.0,0.2,LA_bl2_bo0.2
2025-04-02,44293.46170741349,39450.359732125995,1719.4871714056903,258.2588121666702,2.0,0.2,LA_bl2_bo0.2
2025-04-03,41055.01036557304,41792.08511422051,851.5604648872821,161.41240046666366,2.0,0.2,LA_bl2_bo0.2
2025-04-04,10938.42390017235,11021.1307549145,0.0,0.0,2.0,0.2,LA_bl2_bo0.2
2025-04-05,12094.19188598744,10612.49089266233,580.2977641948196,201.84078543333388,2.0,0.2,LA_bl2_bo0.2
2025-04-06,41049.87878812446,38302.77266908399,1790.8232152379637,302.4030500999995,2.0,0.2,LA_bl2_bo0.2
2025-04-07,38096.43159675526,33291.7236115615,965.3937107481073,219.18421973333162,2.0,0.2,LA_bl2_bo0.2
2025-04-08,38096.77469590888,35830.8616369372,169.5601197971334,75.26476670000004,2.0,0.2,LA_bl2_bo0.2
2025-04-09,43003.22383454206,37269.840735613994,2712.1092265655684,465.6745959999976,2.0,0.2,LA_bl2_bo0.2
2025-04-10,39770.013881989515,37594.5707658772,1063.9205960997147,193.85219686666375,2.0,0.2,LA_bl2_bo0.2
2025-04-11,11253.454156643382,10047.3538811158,89.43343155658236,53.300502546664426,2.0,0.2,LA_bl2_bo0.2
2025-04-12,10441.07605058065,10460.1321571028,0.0,0.0,2.0,0.2,LA_bl2_bo0.2
2025-04-13,37152.89674036885,35324.521422013,340.7893184834941,73.93600616666531,2.0,0.2,LA_bl2_bo0.2
2025-04-14,36946.052200626444,37191.954774329,1137.3645083659883,174.7774887999982,2.0,0.2,LA_bl2_bo0.2
2025-04-15,35160.61375217655,29900.1046958418,0.0,0.0,2.0,0.2,LA_bl2_bo0.2
2025-04-16,40643.900752727415,34696.29540976927,1342.4670726855356,247.75282673333078,2.0,0.2,LA_bl2_bo0.2
2025-04-17,38501.76436910487,33030.1130031714,872.6810428313786,133.56000043333006,2.0,0.2,LA_bl2_bo0.2
2025-04-18,10867.488075354298,10270.345822920199,0.0,0.0,2.0,0.2,LA_bl2_bo0.2
2025-04-19,10780.32070365882,9593.5701574642,0.0,0.0,2.0,0.2,LA_bl2_bo0.2
2025-04-20,36691.660692424,32898.7172127474,0.0,0.0,2.0,0.2,LA_bl2_bo0.2
2025-04-21,34701.56122521837,34184.6668453265,1077.7494428569155,247.49792789999717,2.0,0.2,LA_bl2_bo0.2
2025-04-22,35902.9687922976,29995.9919080806,0.0,0.0,2.0,0.2,LA_bl2_bo0.2
2025-04-23,37185.380257852135,29826.2096574835,275.0581196327814,56.48296963333053,2.0,0.2,LA_bl2_bo0.2
2025-04-24,35251.474311989834,31347.044241153002,1684.620574363035,265.4347402000002,2.0,0.2,LA_bl2_bo0.2
2025-04-25,10201.652182915635,9525.2461424283,630.0747635207268,201.8432491666649,2.0,0.2,LA_bl2_bo0.2
2025-04-26,10938.83711367136,9401.0586914841,762.9911369237088,231.00159023333117,2.0,0.2,LA_bl2_bo0.2
2025-04-27,35285.81373346114,30307.649057574403,797.3022596775824,153.73453123333292,2.0,0.2,LA_bl2_bo0.2
2025-04-28,41023.28569771838,36928.0501073367,94.13476872527674,39.58084443333185,2.0,0.2,LA_bl2_bo0.2
2025-04-29,34257.560498240906,29184.411331672578,0.0,0.0,2.0,0.2,LA_bl2_bo0.2
2025-04-30,33380.01116910382,28351.055454128407,1189.3203571859929,212.99719279999886,2.0,0.2,LA_bl2_bo0.2
2025-05-01,49972.51661404186,31929.705024573897,12975.88609882331,2584.2010733333295,2.0,0.2,LA_bl2_bo0.2
2025-05-02,14927.093077018133,11812.047255846539,2506.721418889703,639.9975560000001,2.0,0.2,LA_bl2_bo0.2
2025-05-03,15918.605940934174,10671.583924838102,4464.390044943273,989.5952769666646,2.0,0.2,LA_bl2_bo0.2
2025-05-04,41997.170196115156,34547.914228894,6830.55812724576,1340.2166059999986,2.0,0.2,LA_bl2_bo0.2
2025-05-05,39734.923234889626,37689.311576535096,1785.185036388524,285.6123963333294,2.0,0.2,LA_bl2_bo0.2
2025-05-06,40840.2957752338,32106.836094408995,0.0,0.0,2.0,0.2,LA_bl2_bo0.2
2025-05-07,41747.302966459305,34681.711877168,1151.076425117007,194.9678805666603,2.0,0.2,LA_bl2_bo0.2
2025-05-08,39632.459390764605,38398.7414342346,0.0,0.0,2.0,0.2,LA_bl2_bo0.2
2025-05-09,13273.95291354982,12795.9259286008,0.0,0.0,2.0,0.2,LA_bl2_bo0.2
2025-05-10,11828.692796630019,11460.8831569612,0.0,0.0,2.0,0.2,LA_bl2_bo0.2
2025-05-11,42831.17490635748,36081.298223137,2643.7782563449864,388.31317333333135,2.0,0.2,LA_bl2_bo0.2
2025-05-12,39689.04609488924,32596.572938462094,0.0,0.0,2.0,0.2,LA_bl2_bo0.2
2025-05-13,40026.10432956801,34335.014462982406,2501.2893272591996,402.46157689999745,2.0,0.2,LA_bl2_bo0.2
2025-05-14,37906.44213332324,34578.797295262004,206.3581186923431,91.20100443333024,2.0,0.2,LA_bl2_bo0.2
2025-05-15,39256.156105723705,36238.1783788986,61.84753150000003,28.435646666666685,2.0,0.2,LA_bl2_bo0.2
2025-05-16,11856.505649069397,11199.0184620198,328.826001755337,192.76305796666878,2.0,0.2,LA_bl2_bo0.2
2025-05-17,12477.333715307006,11071.692684349651,319.2948718712282,72.54903016666239,2.0,0.2,LA_bl2_bo0.2
2025-05-18,39134.529144146596,37754.402009706,34.42846500000008,5.236666666666679,2.0,0.2,LA_bl2_bo0.2
2025-05-19,37308.6231412422,33114.67237251975,2702.840484177271,424.8179716999981,2.0,0.2,LA_bl2_bo0.2
2025-05-20,39978.638582514504,32200.7606911666,1800.3843891616034,332.03015143333033,2.0,0.2,LA_bl2_bo0.2
2025-05-21,40051.38508614497,31332.2996637358,1193.0770112328662,309.74298346666615,2.0,0.2,LA_bl2_bo0.2
2025-05-22,36201.36567246418,33493.5136586288,344.7864498726785,67.88594789999922,2.0,0.2,LA_bl2_bo0.2
2025-05-23,12242.87981331297,10691.6254040768,0.0,0.0,2.0,0.2,LA_bl2_bo0.2
2025-05-24,11597.035016148397,11179.323487568261,0.0,0.0,2.0,0.2,LA_bl2_bo0.2
2025-05-25,36554.479601182975,33691.155181376,712.3115423525467,137.8823705333326,2.0,0.2,LA_bl2_bo0.2
2025-05-26,40324.06226791293,32847.7673405175,637.1656995951798,130.6955231999994,2.0,0.2,LA_bl2_bo0.2
2025-05-27,37584.01724491934,30312.984076437802,403.01887430573487,67.0395892333308,2.0,0.2,LA_bl2_bo0.2
2025-05-28,38106.1376867559,33632.7224341118,323.7500368563526,54.69913896666421,2.0,0.2,LA_bl2_bo0.2
2025-05-29,42691.34998814441,34390.585071537396,704.0330996192163,107.25247723333318,2.0,0.2,LA_bl2_bo0.2
2025-05-30,12106.245474623942,11356.7596261499,0.0,0.0,2.0,0.2,LA_bl2_bo0.2
2025-05-31,11225.9067557951,11488.25012324622,0.0,0.0,2.0,0.2,LA_bl2_bo0.2
2025-06-01,68313.8372942392,48990.59765242999,10000.908653027933,2126.752491653336,2.0,0.2,LA_bl2_bo0.2
2025-06-02,57516.71295630193,53039.020132783946,3964.455444603146,935.5135655999991,2.0,0.2,LA_bl2_bo0.2
2025-06-03,61922.61936295875,46656.719740531,7680.1742869960435,1289.324485399999,2.0,0.2,LA_bl2_bo0.2
2025-06-04,57761.35412033309,57039.03343559176,1782.1149991543375,316.0642048666673,2.0,0.2,LA_bl2_bo0.2
2025-06-05,58088.46976563742,50259.02317267613,1694.0806065451966,276.69033519999806,2.0,0.2,LA_bl2_bo0.2
2025-06-06,26746.605587109967,15849.1938939817,7246.815789724866,2083.163687466666,2.0,0.2,LA_bl2_bo0.2
2025-06-07,20755.603244839178,18311.58620010576,1889.605407685563,311.92463099999867,2.0,0.2,LA_bl2_bo0.2
2025-06-08,50793.33690437255,48853.3798508001,53.26724692500071,7.63549566666677,2.0,0.2,LA_bl2_bo0.2
2025-06-09,56929.87081530958,55571.64386257861,1769.1570390976622,253.74936133333267,2.0,0.2,LA_bl2_bo0.2
2025-06-10,58766.989883739945,49811.6568593354,2260.178436739804,521.5096966000006,2.0,0.2,LA_bl2_bo0.2
2025-06-11,60512.21590122049,53429.43448871779,218.16764333339984,80.3825395999996,2.0,0.2,LA_bl2_bo0.2
2025-06-12,56662.51481205835,53601.639277930895,6.910471004999897,0.9846529999999802,2.0,0.2,LA_bl2_bo0.2
2025-06-13,18730.8578389426,18916.0514873091,0.0,0.0,2.0,0.2,LA_bl2_bo0.2
2025-06-14,18627.767993011774,17685.556368912803,718.8469010966677,126.32058666666683,2.0,0.2,LA_bl2_bo0.2
2025-06-15,56166.591060323735,49404.8157685987,239.17629667583387,34.74609766666674,2.0,0.2,LA_bl2_bo0.2
2025-06-16,58533.435822374384,51630.9749250661,773.1550152818332,115.70971233333327,2.0,0.2,LA_bl2_bo0.2
2025-06-17,61512.16175942255,51719.94344397509,1988.488551431411,470.81429923333206,2.0,0.2,LA_bl2_bo0.2
2025-06-18,57461.585176480316,51824.62146961866,77.7728983648338,11.502314333333402,2.0,0.2,LA_bl2_bo0.2
2025-06-19,56009.766857203496,48127.73252452063,1186.8384224041686,170.7021276666669,2.0,0.2,LA_bl2_bo0.2
2025-06-20,17034.84064736159,16945.5413406899,7.027568277395302,3.671665766664212,2.0,0.2,LA_bl2_bo0.2
2025-06-21,17395.696428764484,16454.853427853603,478.1853421569325,249.25859019999962,2.0,0.2,LA_bl2_bo0.2
2025-06-22,53652.46683227531,47069.852324380496,322.691442802218,47.388039900000194,2.0,0.2,LA_bl2_bo0.2
2025-06-23,51497.50170844202,47954.845690696515,1030.8460920080815,293.0962398999994,2.0,0.2,LA_bl2_bo0.2
2025-06-24,60922.69063471702,56743.427518760815,665.8218299222348,109.81040986666683,2.0,0.2,LA_bl2_bo0.2
2025-06-25,56436.22892429784,47779.866469610104,295.1481968863343,42.5194436666668,2.0,0.2,LA_bl2_bo0.2
2025-06-26,52652.25561912009,46527.9764673458,1169.137547495549,208.62297019999954,2.0,0.2,LA_bl2_bo0.2
2025-06-27,17553.954458627777,16472.3268229807,1616.8739188492746,326.9509659333319,2.0,0.2,LA_bl2_bo0.2
2025-06-28,16651.190751478036,15725.363264425081,312.7807957893169,73.37042136666668,2.0,0.2,LA_bl2_bo0.2
2025-06-29,56327.297052888374,46421.903645813145,626.2895440918968,222.83187746666508,2.0,0.2,LA_bl2_bo0.2
2025-06-30,52783.0385551455,50041.1657849383,834.4315169770016,118.54224500000021,2.0,0.2,LA_bl2_bo0.2
2025-02-01,17892.173834957648,18785.5856719058,0.0,0.0,2.0,0.5,LA_bl2_bo0.5
2025-02-02,63149.529341178306,61510.2091937132,2325.732424405013,367.30768250000204,2.0,0.5,LA_bl2_bo0.5
2025-02-03,65422.8167698848,61465.282309048795,3499.8745924154073,554.6574164999985,2.0,0.5,LA_bl2_bo0.5
2025-02-04,64843.4554685384,63258.786410251996,0.0,0.0,2.0,0.5,LA_bl2_bo0.5
2025-02-05,66591.71727073418,58099.6859248499,2087.214528276824,333.8533771333343,2.0,0.5,LA_bl2_bo0.5
2025-02-06,64432.60474474924,66205.07730120726,450.2736948780017,70.63450000000023,2.0,0.5,LA_bl2_bo0.5
2025-02-07,18681.45255774417,19346.263821011,372.64837755833145,93.13913333333284,2.0,0.5,LA_bl2_bo0.5
2025-02-08,16197.54184516545,14536.3087999269,0.0,0.0,2.0,0.5,LA_bl2_bo0.5
2025-02-09,63989.834488945555,61039.8809124276,892.4762120885998,174.5878037333329,2.0,0.5,LA_bl2_bo0.5
2025-02-10,56167.06403872843,55212.9534382766,193.78502329133457,45.08211263333362,2.0,0.5,LA_bl2_bo0.5
2025-02-11,59154.98930696424,54382.6381751244,946.3955836724843,179.44899760000018,2.0,0.5,LA_bl2_bo0.5
2025-02-12,57065.60625391458,55771.31163420431,1159.882102968258,220.09381779999842,2.0,0.5,LA_bl2_bo0.5
2025-02-13,53914.44554976011,52821.1749626426,322.3295359844604,64.30274533333218,2.0,0.5,LA_bl2_bo0.5
2025-02-14,15839.83109859825,14982.7288333215,0.0,0.0,2.0,0.5,LA_bl2_bo0.5
2025-02-15,16443.852863287175,15812.2708696964,414.9378173435264,140.37468323333147,2.0,0.5,LA_bl2_bo0.5
2025-02-16,57902.67100284202,58510.0037981595,301.6335436918234,59.40823846666469,2.0,0.5,LA_bl2_bo0.5
2025-02-17,56012.52176114302,57116.5123894972,1459.4265685789221,245.44149143333107,2.0,0.5,LA_bl2_bo0.5
2025-02-18,55774.12596464544,46862.670679967705,148.29606488933473,29.704769333333616,2.0,0.5,LA_bl2_bo0.5
2025-02-19,55765.10778382995,48465.277539895396,1151.3981370685528,240.06165846666286,2.0,0.5,LA_bl2_bo0.5
2025-02-20,54377.14899785228,54159.68447528625,449.10632557903347,85.35329713333329,2.0,0.5,LA_bl2_bo0.5
2025-02-21,14828.86542473445,14793.0372591035,0.0,0.0,2.0,0.5,LA_bl2_bo0.5
2025-02-22,15500.1290738526,14695.7232250856,0.0,0.0,2.0,0.5,LA_bl2_bo0.5
2025-02-23,54322.31584952992,52458.1305443487,477.7808062005411,107.00566426666504,2.0,0.5,LA_bl2_bo0.5
2025-02-24,50891.31833946604,49793.35646474775,1020.4177640347863,206.95957849999775,2.0,0.5,LA_bl2_bo0.5
2025-02-25,49754.21821565446,48138.005533961,945.9456972396556,201.67195743333153,2.0,0.5,LA_bl2_bo0.5
2025-02-26,52298.34381511885,45000.0135464948,151.82936445049995,29.693896333333328,2.0,0.5,LA_bl2_bo0.5
2025-02-27,48776.217110133846,46359.77125785119,1007.3324982415521,175.2313130333362,2.0,0.5,LA_bl2_bo0.5
2025-02-28,14150.941941281999,13969.212803406299,0.0,0.0,2.0,0.5,LA_bl2_bo0.5
2025-03-01,16516.49362413829,15298.5906332236,2109.3633084145376,461.9527143300015,2.0,0.5,LA_bl2_bo0.5
2025-03-02,59963.98878239979,53566.39246425297,5582.001638081465,1015.7392312999966,2.0,0.5,LA_bl2_bo0.5
2025-03-03,55106.624803533676,53819.21607710299,1259.1675106972398,290.18810296666487,2.0,0.5,LA_bl2_bo0.5
2025-03-04,51679.46023900314,44851.4344360216,3.1064865000005213,0.6247333333334382,2.0,0.5,LA_bl2_bo0.5
2025-03-05,47317.74519953384,47271.554203993,330.8653474758415,51.834691666667936,2.0,0.5,LA_bl2_bo0.5
2025-03-06,47722.05068324717,45465.108654594995,603.4215830391748,195.59240266666257,2.0,0.5,LA_bl2_bo0.5
2025-03-07,15072.850568755124,14265.838043251799,1515.3876467058253,382.7038191666644,2.0,0.5,LA_bl2_bo0.5
2025-03-08,14154.978349908299,12442.4115675738,0.0,0.0,2.0,0.5,LA_bl2_bo0.5
2025-03-09,46537.90460132619,46441.9848749899,0.0,0.0,2.0,0.5,LA_bl2_bo0.5
2025-03-10,51323.62859872467,45985.857358814596,1494.2414057460487,281.3413577333303,2.0,0.5,LA_bl2_bo0.5
2025-03-11,48711.1507868136,36736.965066606004,0.0,0.0,2.0,0.5,LA_bl2_bo0.5
2025-03-12,44906.19667597707,44120.8525584357,175.51839125191955,36.126045333316775,2.0,0.5,LA_bl2_bo0.5
2025-03-13,50127.31131423345,47385.0104800918,1135.7117905786517,181.69806699999765,2.0,0.5,LA_bl2_bo0.5
2025-03-14,12594.32311614375,12533.482206748,0.0,0.0,2.0,0.5,LA_bl2_bo0.5
2025-03-15,14426.318929093188,12182.1730691178,1645.7523781486461,446.2185868999989,2.0,0.5,LA_bl2_bo0.5
2025-03-16,46127.461815178955,44259.2981826562,8.081100000000493,1.6400000000001,2.0,0.5,LA_bl2_bo0.5
2025-03-17,41113.50429289052,39507.01697202721,48.38082897880364,10.018009266664649,2.0,0.5,LA_bl2_bo0.5
2025-03-18,44077.4488567585,43982.6376392305,0.0,0.0,2.0,0.5,LA_bl2_bo0.5
2025-03-19,43009.171744708,37230.894725761,0.0,0.0,2.0,0.5,LA_bl2_bo0.5
2025-03-20,45485.057992999784,43696.723556046796,1127.754016110589,177.77491659999825,2.0,0.5,LA_bl2_bo0.5
2025-03-21,13147.39053071534,11719.97917405,1153.8584045253097,341.36447123333164,2.0,0.5,LA_bl2_bo0.5
2025-03-22,12103.796363540498,12244.742628573798,0.0,0.0,2.0,0.5,LA_bl2_bo0.5
2025-03-23,44504.85317936393,43429.884281397,2094.7362589534337,380.3049832666669,2.0,0.5,LA_bl2_bo0.5
2025-03-24,41522.232489677815,40951.28037864699,173.65811640982582,70.60687126666338,2.0,0.5,LA_bl2_bo0.5
2025-03-25,44072.25133077111,42897.38709748421,0.0,0.0,2.0,0.5,LA_bl2_bo0.5
2025-03-26,41165.98218503816,38863.153308491,1750.9863630371601,288.47001513333225,2.0,0.5,LA_bl2_bo0.5
2025-03-27,41032.32961618808,41692.334073907994,55.25347773157896,22.9452281666649,2.0,0.5,LA_bl2_bo0.5
2025-03-28,12774.902226130047,11894.11801192546,1035.8799237575852,247.6700355666671,2.0,0.5,LA_bl2_bo0.5
2025-03-29,12225.482777839017,11175.3435114849,625.4859743744868,152.72632713333007,2.0,0.5,LA_bl2_bo0.5
2025-03-30,38482.76916586955,39716.495682315996,0.0,0.0,2.0,0.5,LA_bl2_bo0.5
2025-03-31,39185.54145877999,35745.919069058,74.30445849499904,21.926500199999715,2.0,0.5,LA_bl2_bo0.5
2025-04-01,44343.71137226226,41096.842479964005,0.0,0.0,2.0,0.5,LA_bl2_bo0.5
2025-04-02,43885.0974986023,40453.909668577806,1719.4871714056903,258.2588121666702,2.0,0.5,LA_bl2_bo0.5
2025-04-03,41583.05397745572,42750.67804413685,851.560464887294,161.41240046666536,2.0,0.5,LA_bl2_bo0.5
2025-04-04,11196.49622620922,11100.57554843772,211.05602557276003,50.93665393333174,2.0,0.5,LA_bl2_bo0.5
2025-04-05,12031.361737167292,10686.019425767001,580.2977641948064,201.8407854333307,2.0,0.5,LA_bl2_bo0.5
2025-04-06,41286.80685457096,39214.408993649,1790.8232152379637,302.4030500999995,2.0,0.5,LA_bl2_bo0.5
2025-04-07,37960.465428506795,34087.47598605142,965.3937107481073,219.18421973333162,2.0,0.5,LA_bl2_bo0.5
2025-04-08,38285.34138034353,36681.0889578836,169.5601197971334,75.26476670000004,2.0,0.5,LA_bl2_bo0.5
2025-04-09,42815.863059036565,38238.104296802,2712.1092265655684,465.6745959999976,2.0,0.5,LA_bl2_bo0.5
2025-04-10,39769.179230673675,38407.05520424,1061.7697121037302,193.5208838666661,2.0,0.5,LA_bl2_bo0.5
2025-04-11,11206.991757244683,10104.0328128942,89.43343155658236,53.300502546664426,2.0,0.5,LA_bl2_bo0.5
2025-04-12,10469.339098148654,10566.46797415041,0.0,0.0,2.0,0.5,LA_bl2_bo0.5
2025-04-13,37082.182580701636,36173.657859592495,340.789283700042,73.93600026666495,2.0,0.5,LA_bl2_bo0.5
2025-04-14,37399.55424062743,38091.377923429,1137.3645083659883,174.7774887999982,2.0,0.5,LA_bl2_bo0.5
2025-04-15,35344.1983098565,30588.001059726004,0.0,0.0,2.0,0.5,LA_bl2_bo0.5
2025-04-16,40261.14853535164,35616.03791900611,1342.4670726855356,247.75282673333078,2.0,0.5,LA_bl2_bo0.5
2025-04-17,38378.00095512938,33811.823915848,872.6810428313786,133.56000043333006,2.0,0.5,LA_bl2_bo0.5
2025-04-18,10871.9339856036,10344.5325927974,0.0,0.0,2.0,0.5,LA_bl2_bo0.5
2025-04-19,10803.22979909745,9689.0439211577,0.0,0.0,2.0,0.5,LA_bl2_bo0.5
2025-04-20,36731.0498054178,33694.1832233458,0.0,0.0,2.0,0.5,LA_bl2_bo0.5
2025-04-21,35053.873477313115,34952.200426043,1077.7494428569155,247.49792789999717,2.0,0.5,LA_bl2_bo0.5
2025-04-22,35705.93397189495,30313.8293341059,0.0,0.0,2.0,0.5,LA_bl2_bo0.5
2025-04-23,36998.88720006263,30129.4629913531,275.05811823958106,56.48296943333048,2.0,0.5,LA_bl2_bo0.5
2025-04-24,35128.428697355186,32012.0158124143,1684.620574363035,265.4347402000002,2.0,0.5,LA_bl2_bo0.5
2025-04-25,10117.666757653837,9599.0082175547,527.3829306507267,177.46825916666486,2.0,0.5,LA_bl2_bo0.5
2025-04-26,10810.95182395559,9475.22944303764,658.4314786437085,206.0856702333311,2.0,0.5,LA_bl2_bo0.5
2025-04-27,35345.13643895995,30909.49099089442,797.3022596775824,153.73453123333292,2.0,0.5,LA_bl2_bo0.5
2025-04-28,40774.43442572324,38015.315784641,94.13476872527674,39.58084443333185,2.0,0.5,LA_bl2_bo0.5
2025-04-29,33893.57971340489,29956.432727929197,0.0,0.0,2.0,0.5,LA_bl2_bo0.5
2025-04-30,33244.5741991199,28654.0549199378,1195.4062687027536,213.9288287000005,2.0,0.5,LA_bl2_bo0.5
2025-05-01,49941.54302452212,32712.495675828395,12973.226324503325,2583.7885133333316,2.0,0.5,LA_bl2_bo0.5
2025-05-02,14814.313208329624,11938.035962426799,2506.7213975490254,639.9975520333315,2.0,0.5,LA_bl2_bo0.5
2025-05-03,15855.331104531624,10763.2262074232,4464.390044943273,989.5952769666646,2.0,0.5,LA_bl2_bo0.5
2025-05-04,42394.84653728667,35413.558446821,6827.695090029769,1339.7801673999998,2.0,0.5,LA_bl2_bo0.5
2025-05-05,39850.55425568413,38564.803339672006,1780.1044731136296,284.8576517333302,2.0,0.5,LA_bl2_bo0.5
2025-05-06,40788.421258938026,32440.120292483298,0.0,0.0,2.0,0.5,LA_bl2_bo0.5
2025-05-07,41550.15277660572,35073.395938523005,1151.07642511701,194.96788056666077,2.0,0.5,LA_bl2_bo0.5
2025-05-08,39808.76818542811,39377.694733978606,0.0,0.0,2.0,0.5,LA_bl2_bo0.5
2025-05-09,13242.737474792968,12910.171102361299,0.0,0.0,2.0,0.5,LA_bl2_bo0.5
2025-05-10,11847.992745763018,11555.049868890197,0.0,0.0,2.0,0.5,LA_bl2_bo0.5
2025-05-11,42533.54405083999,37030.726841388,2643.7782563449864,388.31317333333135,2.0,0.5,LA_bl2_bo0.5
2025-05-12,39887.1126513107,33484.7385988748,0.0,0.0,2.0,0.5,LA_bl2_bo0.5
2025-05-13,40255.40072573655,35306.989817081805,2501.2893272591996,402.46157689999745,2.0,0.5,LA_bl2_bo0.5
2025-05-14,37619.88849240543,35455.24454159499,251.70748420431602,111.88533983333303,2.0,0.5,LA_bl2_bo0.5
2025-05-15,39217.753672936604,37096.3298092296,61.84753150000003,28.435646666666685,2.0,0.5,LA_bl2_bo0.5
2025-05-16,11875.627877661054,11295.758754021119,328.826001755337,192.76305796666878,2.0,0.5,LA_bl2_bo0.5
2025-05-17,12449.493016249879,11182.443973838801,319.2948718712282,72.54903016666239,2.0,0.5,LA_bl2_bo0.5
2025-05-18,38983.7361736308,38706.8197117456,34.42846500000008,5.236666666666679,2.0,0.5,LA_bl2_bo0.5
2025-05-19,37407.06223614421,33780.14162600266,2708.8123779505754,425.6855381666654,2.0,0.5,LA_bl2_bo0.5
2025-05-20,39536.05637856748,33072.69284526137,1800.3843900530667,332.03015156666316,2.0,0.5,LA_bl2_bo0.5
2025-05-21,39633.97782331027,32056.6621074912,1193.0770112328662,309.74298346666615,2.0,0.5,LA_bl2_bo0.5
2025-05-22,35877.471153820385,34222.366794181005,344.7864498726785,67.88594789999922,2.0,0.5,LA_bl2_bo0.5
2025-05-23,12183.523699195219,10777.2593041327,0.0,0.0,2.0,0.5,LA_bl2_bo0.5
2025-05-24,11619.901822760386,11274.340203499401,0.0,0.0,2.0,0.5,LA_bl2_bo0.5
2025-05-25,36639.56720507235,34538.177880137024,711.6486098745381,137.78017653333126,2.0,0.5,LA_bl2_bo0.5
2025-05-26,39672.17449678897,33688.579575602,637.1656995951716,130.69552319999815,2.0,0.5,LA_bl2_bo0.5
2025-05-27,37335.96867724678,30635.9729070479,403.01887430573487,67.0395892333308,2.0,0.5,LA_bl2_bo0.5
2025-05-28,38353.69465152218,34575.35561029107,323.7500368563526,54.69913896666421,2.0,0.5,LA_bl2_bo0.5
2025-05-29,42415.87481734985,35252.9111781823,704.0330538416058,107.25247043333165,2.0,0.5,LA_bl2_bo0.5
2025-05-30,11990.794536401603,11462.07759378718,0.0,0.0,2.0,0.5,LA_bl2_bo0.5
2025-05-31,11265.730158326001,11635.873389321501,0.0,0.0,2.0,0.5,LA_bl2_bo0.5
2025-06-01,68499.79992212213,50369.43788170589,10000.908653027916,2126.7524916533334,2.0,0.5,LA_bl2_bo0.5
2025-06-02,57849.68083419893,54330.10391759094,3964.455444603146,935.5135655999991,2.0,0.5,LA_bl2_bo0.5
2025-06-03,61737.9927757652,47879.672993519,7680.1742869960435,1289.324485399999,2.0,0.5,LA_bl2_bo0.5
2025-06-04,58271.398471015294,58351.696590553154,1782.1149991543375,316.0642048666673,2.0,0.5,LA_bl2_bo0.5
2025-06-05,57625.17796988182,51560.85283055812,1694.0806065451966,276.69033519999806,2.0,0.5,LA_bl2_bo0.5
2025-06-06,26780.490144094416,16078.238909225576,7246.815787804911,2083.1636871636665,2.0,0.5,LA_bl2_bo0.5
2025-06-07,21007.47061446566,19035.612019075197,1889.605407685563,311.92463099999867,2.0,0.5,LA_bl2_bo0.5
2025-06-08,50953.406308849706,50044.7932727098,53.26724692500071,7.63549566666677,2.0,0.5,LA_bl2_bo0.5
2025-06-09,57498.85357835627,56929.37073604581,1769.1570390976622,253.74936133333267,2.0,0.5,LA_bl2_bo0.5
2025-06-10,58265.16403286559,51000.65795831042,2260.178436739804,521.5096966000006,2.0,0.5,LA_bl2_bo0.5
2025-06-11,59799.72600451354,54792.47723833529,218.16764333339984,80.3825395999996,2.0,0.5,LA_bl2_bo0.5
2025-06-12,55889.87108956696,54965.77031443,6.910471004999897,0.9846529999999802,2.0,0.5,LA_bl2_bo0.5
2025-06-13,18889.03737484091,19173.47926942614,0.0,0.0,2.0,0.5,LA_bl2_bo0.5
2025-06-14,18841.253921749936,18201.300248415002,718.8469010966677,126.32058666666683,2.0,0.5,LA_bl2_bo0.5
2025-06-15,55717.22858809154,50614.236599468895,239.14903721183347,34.74229366666668,2.0,0.5,LA_bl2_bo0.5
2025-06-16,58429.63986073608,52963.4417673766,773.1550152818332,115.70971233333327,2.0,0.5,LA_bl2_bo0.5
2025-06-17,61116.52119650791,53058.405819260595,1988.488551431411,470.81429923333206,2.0,0.5,LA_bl2_bo0.5
2025-06-18,57398.59057683139,53123.1610787433,77.7728983648338,11.502314333333402,2.0,0.5,LA_bl2_bo0.5
2025-06-19,56221.710222799535,49340.94413898556,1186.8384224041686,170.7021276666669,2.0,0.5,LA_bl2_bo0.5
2025-06-20,17084.29826866667,17125.0916132778,7.739272716999995,4.043507166666664,2.0,0.5,LA_bl2_bo0.5
2025-06-21,17327.605121531633,16622.9018409386,478.1853421569325,249.25859019999962,2.0,0.5,LA_bl2_bo0.5
2025-06-22,53117.03731969756,48377.857829656044,321.79995979041814,47.256102500000225,2.0,0.5,LA_bl2_bo0.5
2025-06-23,51037.26400861329,49118.9467532205,1030.7664293400871,293.09623990000046,2.0,0.5,LA_bl2_bo0.5
2025-06-24,61067.14805735168,58150.354009553324,665.8218299222348,109.81040986666683,2.0,0.5,LA_bl2_bo0.5
2025-06-25,55963.64484036769,49037.586953446604,295.1481968863343,42.5194436666668,2.0,0.5,LA_bl2_bo0.5
2025-06-26,52403.87412516242,47633.75590356614,1169.137547495549,208.62297019999954,2.0,0.5,LA_bl2_bo0.5
2025-06-27,17672.948026603277,16673.8102496317,1616.8739188492746,326.9509659333319,2.0,0.5,LA_bl2_bo0.5
2025-06-28,16585.842817889617,15914.8359926764,312.7807957893169,73.37042136666668,2.0,0.5,LA_bl2_bo0.5
2025-06-29,55888.992829987226,47611.75893277764,625.7147967238972,222.74940546666514,2.0,0.5,LA_bl2_bo0.5
2025-06-30,52499.985322688204,51393.011888784196,833.8466522130016,118.45830700000022,2.0,0.5,LA_bl2_bo0.5
2025-02-01,18265.909568501247,19554.806138731998,0.0,0.0,2.0,1.0,LA_bl2_bo1
2025-02-02,63682.76314716063,63220.662555198534,2325.732424405003,367.30768250000045,2.0,1.0,LA_bl2_bo1
2025-02-03,66156.21788147706,63168.1341310843,3499.8745924154073,554.6574164999985,2.0,1.0,LA_bl2_bo1
2025-02-04,65663.57588967546,64942.6506859351,0.0,0.0,2.0,1.0,LA_bl2_bo1
2025-02-05,66577.54707413637,59818.929819988996,2087.214528276824,333.8533771333343,2.0,1.0,LA_bl2_bo1
2025-02-06,65362.14276165484,67932.92113013286,497.2138630700022,78.49492400000031,2.0,1.0,LA_bl2_bo1
2025-02-07,19165.932647602167,20159.528510591997,372.64837755833145,93.13913333333284,2.0,1.0,LA_bl2_bo1
2025-02-08,16158.198556094418,14745.919538039958,0.0,0.0,2.0,1.0,LA_bl2_bo1
2025-02-09,63893.135279220856,62857.6570581518,892.4762120885998,174.5878037333329,2.0,1.0,LA_bl2_bo1
2025-02-10,56713.139091649035,56905.3008904451,193.78502329133457,45.08211263333362,2.0,1.0,LA_bl2_bo1
2025-02-11,59445.58965101551,56054.725272290656,946.3955836724843,179.44899760000018,2.0,1.0,LA_bl2_bo1
2025-02-12,56970.03211165335,57481.2641726498,139.22977153600016,25.6692056666667,2.0,1.0,LA_bl2_bo1
2025-02-13,54308.22105234086,54480.300739137296,322.3295359844604,64.30274533333218,2.0,1.0,LA_bl2_bo1
2025-02-14,16147.395874347962,15772.349208222082,0.0,0.0,2.0,1.0,LA_bl2_bo1
2025-02-15,16724.63439624807,16636.366324836243,414.9378165612301,140.37468303333242,2.0,1.0,LA_bl2_bo1
2025-02-16,58654.380936361085,60274.82558422636,301.6335436918234,59.40823846666469,2.0,1.0,LA_bl2_bo1
2025-02-17,56853.87945380288,58859.0580746014,1459.42657140578,245.44149186666561,2.0,1.0,LA_bl2_bo1
2025-02-18,54854.925207119486,48606.1465949826,148.29606488933473,29.704769333333616,2.0,1.0,LA_bl2_bo1
2025-02-19,54874.68052411347,50169.89411727,1151.3981292273643,240.06165689999185,2.0,1.0,LA_bl2_bo1
2025-02-20,55106.841837572625,55945.45509396019,449.10632557903347,85.35329713333329,2.0,1.0,LA_bl2_bo1
2025-02-21,15000.0389729757,15113.2650470099,0.0,0.0,2.0,1.0,LA_bl2_bo1
2025-02-22,15624.6736378423,15357.564609199999,0.0,0.0,2.0,1.0,LA_bl2_bo1
2025-02-23,54592.43006652938,54236.69594273818,477.7808062005411,107.00566426666504,2.0,1.0,LA_bl2_bo1
2025-02-24,51748.410745883884,51419.8758216571,1002.1391307057866,203.3821964999978,2.0,1.0,LA_bl2_bo1
2025-02-25,50454.010109050556,49809.6596150469,910.0673194506553,194.77955943333146,2.0,1.0,LA_bl2_bo1
2025-02-26,51494.264934136896,46608.340303664896,151.82936445049995,29.693896333333328,2.0,1.0,LA_bl2_bo1
2025-02-27,48797.221260278726,47984.881499487,1025.7285667425308,178.85794063333302,2.0,1.0,LA_bl2_bo1
2025-02-28,14135.47009111195,14128.7175210528,0.0,0.0,2.0,1.0,LA_bl2_bo1
2025-03-01,16962.295352773686,16078.4838439774,2109.3633084145376,461.9527143300015,2.0,1.0,LA_bl2_bo1
2025-03-02,60618.196777119854,55469.37583140452,5582.001638081465,1015.7392312999966,2.0,1.0,LA_bl2_bo1
2025-03-03,55782.731895317986,55656.4075720556,1259.1675106972398,290.18810296666487,2.0,1.0,LA_bl2_bo1
2025-03-04,51264.163967083696,46497.9127538744,3.1064865000005213,0.6247333333334382,2.0,1.0,LA_bl2_bo1
2025-03-05,48128.21873394559,48984.4144423765,330.8653474758415,51.834691666667936,2.0,1.0,LA_bl2_bo1
2025-03-06,48016.24566347817,47132.2611693019,603.4215655749687,195.59240006666164,2.0,1.0,LA_bl2_bo1
2025-03-07,15440.939619145725,14946.155391118,1515.3876467058253,382.7038191666644,2.0,1.0,LA_bl2_bo1
2025-03-08,14037.73023249055,12615.9803389499,0.0,0.0,2.0,1.0,LA_bl2_bo1
2025-03-09,46813.58075316139,48100.058387817306,0.0,0.0,2.0,1.0,LA_bl2_bo1
2025-03-10,51358.06056962959,47763.823959294794,1494.2414057460487,281.3413577333303,2.0,1.0,LA_bl2_bo1
2025-03-11,48017.71039791779,38184.836614496395,0.0,0.0,2.0,1.0,LA_bl2_bo1
2025-03-12,45303.89591501273,45761.58104377797,175.51839125193547,36.12604533332005,2.0,1.0,LA_bl2_bo1
2025-03-13,50262.1644312071,49102.9216277215,1135.7117905786517,181.69806699999765,2.0,1.0,LA_bl2_bo1
2025-03-14,12617.39746359608,12729.71227439518,0.0,0.0,2.0,1.0,LA_bl2_bo1
2025-03-15,14343.700192051387,12309.0527186904,1645.7523781486461,446.2185868999989,2.0,1.0,LA_bl2_bo1
2025-03-16,46370.52638438792,45914.8347732351,8.081100000000493,1.6400000000001,2.0,1.0,LA_bl2_bo1
2025-03-17,40695.61578366609,41007.19310627757,48.38082897880364,10.018009266664649,2.0,1.0,LA_bl2_bo1
2025-03-18,44902.39578474725,45698.0271531295,0.0,0.0,2.0,1.0,LA_bl2_bo1
2025-03-19,42346.880879359494,38647.43930037299,0.0,0.0,2.0,1.0,LA_bl2_bo1
2025-03-20,45981.57191944224,45361.48152704351,1127.754016110589,177.77491659999825,2.0,1.0,LA_bl2_bo1
2025-03-21,13160.258382081289,11925.553518847099,1149.1628872573117,341.36446823333205,2.0,1.0,LA_bl2_bo1
2025-03-22,12201.23425721119,12421.64047535618,0.0,0.0,2.0,1.0,LA_bl2_bo1
2025-03-23,44964.26628696973,45106.2502227082,2094.7362589534337,380.3049832666669,2.0,1.0,LA_bl2_bo1
2025-03-24,42059.99037573225,42579.37859843186,173.65811640982582,70.60687126666338,2.0,1.0,LA_bl2_bo1
2025-03-25,44739.466910827214,44756.69154769901,0.0,0.0,2.0,1.0,LA_bl2_bo1
2025-03-26,41735.09576060509,40178.62527496676,1751.6120068907035,288.56718743333124,2.0,1.0,LA_bl2_bo1
2025-03-27,41824.88982862362,43357.744923103295,55.05994017098027,22.86704696666543,2.0,1.0,LA_bl2_bo1
2025-03-28,12887.522367133884,12048.777184648,1035.8799237575852,247.6700355666671,2.0,1.0,LA_bl2_bo1
2025-03-29,12187.407894473834,11302.3008887437,625.4859832502342,152.7263292999961,2.0,1.0,LA_bl2_bo1
2025-03-30,39254.37166179956,41308.18246683853,0.0,0.0,2.0,1.0,LA_bl2_bo1
2025-03-31,38693.238696411245,37105.564747644006,74.30445727583482,21.926499966666846,2.0,1.0,LA_bl2_bo1
2025-04-01,44486.70935709245,42887.9892842146,0.0,0.0,2.0,1.0,LA_bl2_bo1
2025-04-02,43822.28962724951,42121.947815854,1719.4872235600048,258.25882000000075,2.0,1.0,LA_bl2_bo1
2025-04-03,42472.180995135444,44406.695700804106,851.560464887294,161.41240046666536,2.0,1.0,LA_bl2_bo1
2025-04-04,11440.083548444565,11246.6015996034,360.922608552765,87.10573393333294,2.0,1.0,LA_bl2_bo1
2025-04-05,11919.540536853157,10805.76906128568,580.297751866312,201.84078243333204,2.0,1.0,LA_bl2_bo1
2025-04-06,41535.27176157647,40848.864869376004,1790.8232152379637,302.4030500999995,2.0,1.0,LA_bl2_bo1
2025-04-07,37611.147931392086,35408.841906318376,965.3937107481073,219.18421973333162,2.0,1.0,LA_bl2_bo1
2025-04-08,38916.04596026413,38153.5009309233,169.5601197971334,75.26476670000004,2.0,1.0,LA_bl2_bo1
2025-04-09,42594.73044687387,39858.6217804794,2712.1092265655684,465.6745959999976,2.0,1.0,LA_bl2_bo1
2025-04-10,39773.70605600211,39855.2673409962,1053.2356282769128,192.69391063333006,2.0,1.0,LA_bl2_bo1
2025-04-11,11130.859233533358,10205.47063285065,89.43343155658236,53.300502546664426,2.0,1.0,LA_bl2_bo1
2025-04-12,10523.48886224485,10767.151123468002,0.0,0.0,2.0,1.0,LA_bl2_bo1
2025-04-13,37461.125724742276,37663.194575273956,340.6345987501517,73.90976246666659,2.0,1.0,LA_bl2_bo1
2025-04-14,38148.54372672994,39610.596227908005,1137.3645083659883,174.7774887999982,2.0,1.0,LA_bl2_bo1
2025-04-15,35310.14410369345,31800.2982749461,0.0,0.0,2.0,1.0,LA_bl2_bo1
2025-04-16,39810.938173092036,37221.321567291,1342.4670726855356,247.75282673333078,2.0,1.0,LA_bl2_bo1
2025-04-17,37891.548291356376,35131.443915113996,872.6810428313786,133.56000043333006,2.0,1.0,LA_bl2_bo1
2025-04-18,10888.13678185759,10473.07044781958,0.0,0.0,2.0,1.0,LA_bl2_bo1
2025-04-19,10805.108673164616,9826.81819846717,0.0,0.0,2.0,1.0,LA_bl2_bo1
2025-04-20,36312.338194077005,35004.058708205004,0.0,0.0,2.0,1.0,LA_bl2_bo1
2025-04-21,35767.373714381625,36414.929573626,1077.7494428569155,247.49792789999717,2.0,1.0,LA_bl2_bo1
2025-04-22,35654.84386069424,31119.514962597295,0.0,0.0,2.0,1.0,LA_bl2_bo1
2025-04-23,36522.58958366427,31365.34919383204,275.0581259021832,56.482970533330786,2.0,1.0,LA_bl2_bo1
2025-04-24,35537.80691440662,33376.911073025796,1688.084469113026,265.94829019999884,2.0,1.0,LA_bl2_bo1
2025-04-25,9976.772097129886,9721.944989415799,356.93215488072684,137.0099691666649,2.0,1.0,LA_bl2_bo1
2025-04-26,10592.870527095258,9609.070354586498,484.16543746370854,164.55915023333114,2.0,1.0,LA_bl2_bo1
2025-04-27,35197.74184834433,32183.555798752,797.3022596775824,153.73453123333292,2.0,1.0,LA_bl2_bo1
2025-04-28,40617.68004317655,39714.349386723,94.13476872527674,39.58084443333185,2.0,1.0,LA_bl2_bo1
2025-04-29,33345.5460462145,31357.621874106,0.0,0.0,2.0,1.0,LA_bl2_bo1
2025-04-30,32678.996359554993,29994.0803547815,1196.7917255059929,214.14091546666555,2.0,1.0,LA_bl2_bo1
2025-05-01,49479.10498519032,34055.221167386,12968.79336730333,2583.1009133333323,2.0,1.0,LA_bl2_bo1
2025-05-02,14814.74747713664,12148.017158610199,2491.5290666482415,639.5070302999982,2.0,1.0,LA_bl2_bo1
2025-05-03,15749.791566169422,10930.9859979648,4466.027779203872,989.5952733666645,2.0,1.0,LA_bl2_bo1
2025-05-04,43062.21833021667,36892.989501623,6822.923402445764,1339.052775999999,2.0,1.0,LA_bl2_bo1
2025-05-05,40710.920709264174,40093.85360502711,1768.5292347791371,283.13808873333136,2.0,1.0,LA_bl2_bo1
2025-05-06,40717.78852148259,33343.79712757059,0.0,0.0,2.0,1.0,LA_bl2_bo1
2025-05-07,40629.07950758502,36394.113245585,1151.076425117021,194.96788056666236,2.0,1.0,LA_bl2_bo1
2025-05-08,40175.8654621746,41033.4628980396,0.0,0.0,2.0,1.0,LA_bl2_bo1
2025-05-09,13222.31088878297,13112.4245759849,0.0,0.0,2.0,1.0,LA_bl2_bo1
2025-05-10,11884.54890657332,11715.4039955626,0.0,0.0,2.0,1.0,LA_bl2_bo1
2025-05-11,42205.20390422549,38671.112516657,2643.7782563449864,388.31317333333135,2.0,1.0,LA_bl2_bo1
2025-05-12,39572.84293425106,34945.4150431812,0.0,0.0,2.0,1.0,LA_bl2_bo1
2025-05-13,40709.445424999445,36945.7598097183,2501.2893272591996,402.46157689999745,2.0,1.0,LA_bl2_bo1
2025-05-14,38204.51288195951,36934.024506186,276.46544218051747,123.51152343333374,2.0,1.0,LA_bl2_bo1
2025-05-15,39328.375095541654,38648.589942930004,61.84753150000003,28.435646666666685,2.0,1.0,LA_bl2_bo1
2025-05-16,11922.23464923593,11474.929309385869,328.826001755337,192.76305796666878,2.0,1.0,LA_bl2_bo1
2025-05-17,12416.928511175078,11373.3850658716,319.2948718712282,72.54903016666239,2.0,1.0,LA_bl2_bo1
2025-05-18,39250.2153427417,40353.593515240806,34.42846500000008,5.236666666666679,2.0,1.0,LA_bl2_bo1
2025-05-19,37664.933839222125,34994.7540011285,2762.214777455571,433.4435681666648,2.0,1.0,LA_bl2_bo1
2025-05-20,39371.7018588304,34542.46328919614,1802.233159982673,332.3066651666641,2.0,1.0,LA_bl2_bo1
2025-05-21,38878.21131436437,33501.095662883,1193.0770112328662,309.74298346666615,2.0,1.0,LA_bl2_bo1
2025-05-22,35812.887790833935,35550.5354884801,338.40174253433713,66.91511123333134,2.0,1.0,LA_bl2_bo1
2025-05-23,12081.76919070262,10922.1759837885,0.0,0.0,2.0,1.0,LA_bl2_bo1
2025-05-24,11661.208769506067,11434.432905094262,0.0,0.0,2.0,1.0,LA_bl2_bo1
2025-05-25,36821.05766641677,35907.08766281988,720.0418249875136,139.07402809999928,2.0,1.0,LA_bl2_bo1
2025-05-26,38859.24400492423,35095.8028304327,637.1656336601733,130.6955131999984,2.0,1.0,LA_bl2_bo1
2025-05-27,36699.24652768594,31871.0048389706,403.01887430573487,67.0395892333308,2.0,1.0,LA_bl2_bo1
2025-05-28,38058.9343469302,36228.892209082,308.48176650134457,52.411928966663,2.0,1.0,LA_bl2_bo1
2025-05-29,41727.15888736801,36915.7696625876,704.0330565344066,107.25247083333174,2.0,1.0,LA_bl2_bo1
2025-05-30,11801.982162479928,11656.084399911528,0.0,0.0,2.0,1.0,LA_bl2_bo1
2025-05-31,11441.7008318238,11922.2844229341,0.0,0.0,2.0,1.0,LA_bl2_bo1
2025-06-01,68494.88582197242,52511.1676647265,10000.908653027906,2126.752491653332,2.0,1.0,LA_bl2_bo1
2025-06-02,58808.20679060278,56520.978430681644,3964.4554446031434,935.5135655999986,2.0,1.0,LA_bl2_bo1
2025-06-03,61482.05551192069,49892.215925503,7680.1742869960435,1289.324485399999,2.0,1.0,LA_bl2_bo1
2025-06-04,59196.99542082035,60585.64214466616,1782.1149991543375,316.0642048666673,2.0,1.0,LA_bl2_bo1
2025-06-05,56848.95909393582,53797.99391891212,1694.0806065451966,276.69033519999806,2.0,1.0,LA_bl2_bo1
2025-06-06,27213.622316928137,17105.2827245262,7237.530134965416,2081.698264163668,2.0,1.0,LA_bl2_bo1
2025-06-07,21641.115701596555,20326.968219994196,1886.288044685561,311.40613099999837,2.0,1.0,LA_bl2_bo1
2025-06-08,51158.746033698655,52047.4814302819,53.26724692500071,7.63549566666677,2.0,1.0,LA_bl2_bo1
2025-06-09,58594.08193142223,59188.89227817944,1769.1570390976622,253.74936133333267,2.0,1.0,LA_bl2_bo1
2025-06-10,57345.171985837085,53168.90841350942,2260.178436739804,521.5096966000006,2.0,1.0,LA_bl2_bo1
2025-06-11,59495.11738818184,57099.68844481569,218.16764333339984,80.3825395999996,2.0,1.0,LA_bl2_bo1
2025-06-12,56273.409902932144,57249.14823573169,6.910471004999897,0.9846529999999802,2.0,1.0,LA_bl2_bo1
2025-06-13,19354.072429973992,20019.290857666303,0.0,0.0,2.0,1.0,LA_bl2_bo1
2025-06-14,19077.45283543662,19379.210813801,718.8469010966677,126.32058666666683,2.0,1.0,LA_bl2_bo1
2025-06-15,55307.405661352095,52652.99313902956,286.756511166333,41.57805666666661,2.0,1.0,LA_bl2_bo1
2025-06-16,58407.68726965438,55131.5112447903,773.1550152818332,115.70971233333327,2.0,1.0,LA_bl2_bo1
2025-06-17,61013.959122417305,55346.86252076221,1988.488551431411,470.81429923333206,2.0,1.0,LA_bl2_bo1
2025-06-18,57349.043203099536,55317.2336755732,77.7728983648338,11.502314333333402,2.0,1.0,LA_bl2_bo1
2025-06-19,56460.20210027481,51436.652988632995,1186.8384224041686,170.7021276666669,2.0,1.0,LA_bl2_bo1
2025-06-20,17188.23677404825,17443.5514517117,7.739272716999995,4.043507166666664,2.0,1.0,LA_bl2_bo1
2025-06-21,17339.452446547184,16913.0891326769,478.1853421569325,249.25859019999962,2.0,1.0,LA_bl2_bo1
2025-06-22,52692.90773660857,50478.63693889287,320.31416477401893,47.03620830000034,2.0,1.0,LA_bl2_bo1
2025-06-23,51090.31326902607,51166.6846261823,1042.2453358754133,293.0962384999989,2.0,1.0,LA_bl2_bo1
2025-06-24,61459.86992650663,60518.6722221864,665.8218299222348,109.81040986666683,2.0,1.0,LA_bl2_bo1
2025-06-25,55280.17157896308,51180.7652739478,295.1481968863343,42.5194436666668,2.0,1.0,LA_bl2_bo1
2025-06-26,52273.878925744415,49658.56036238317,1169.137547495549,208.62297019999954,2.0,1.0,LA_bl2_bo1
2025-06-27,17909.546244876423,17064.412165937,1616.8739188492746,326.9509659333319,2.0,1.0,LA_bl2_bo1
2025-06-28,16688.851224107966,16244.3939450123,312.7807957893169,73.37042136666668,2.0,1.0,LA_bl2_bo1
2025-06-29,55165.24281365702,49668.236173066936,624.7568937358968,222.61195346666508,2.0,1.0,LA_bl2_bo1
2025-06-30,53429.58994288398,53632.89158011879,832.8718753055014,118.3184100000002,2.0,1.0,LA_bl2_bo1
